Protein,Start,End,Sequence,Modification,Fragment,MaxUptake,MHP,State,Exposure,Center,Center SD,Uptake,Uptake SD,RT,RT SD
Protein1,2,18,GSSHHHHHHDYDIPTTE,,,15,2006.8488,State1,0,2007.856185,0.047205,0,0,4.182441,0.009622
Protein1,2,18,GSSHHHHHHDYDIPTTE,,,15,2006.8488,State1,0.167,2010.764412,2.27E-13,2.908227,0.0047205,4.207667,0
Protein1,2,18,GSSHHHHHHDYDIPTTE,,,15,2006.8488,State1,16.667002,2011.357434,0.456949,3.501248,0.0459381,4.217772,0.011087
Protein1,2,18,GSSHHHHHHDYDIPTTE,,,15,2006.8488,State2,0,2007.856185,0.047205,0,0,4.182441,0.009622
Protein1,2,18,GSSHHHHHHDYDIPTTE,,,15,2006.8488,State2,0.167,2010.808465,0.954856,2.95228,0.0956022,4.229305,0.005355
Protein1,2,18,GSSHHHHHHDYDIPTTE,,,15,2006.8488,State2,16.667002,2011.037157,0.414078,3.180971,0.041676,4.213089,0.011948
Protein1,2,20,GSSHHHHHHDYDIPTTENL,,,17,2233.9758,State1,0,2235.171124,0.062459,0,0,4.88566,0.015944
Protein1,2,20,GSSHHHHHHDYDIPTTENL,,,17,2233.9758,State1,0.167,2239.851636,0.221482,4.680511,0.0230121,4.914224,0.016454
Protein1,2,20,GSSHHHHHHDYDIPTTENL,,,17,2233.9758,State1,16.667002,2240.092705,0.275363,4.921581,0.0282358,4.922875,0.011854
Protein1,2,20,GSSHHHHHHDYDIPTTENL,,,17,2233.9758,State2,0,2235.171124,0.062459,0,0,4.88566,0.015944
Protein1,2,20,GSSHHHHHHDYDIPTTENL,,,17,2233.9758,State2,0.167,2240.043747,0.363958,4.872623,0.0369278,4.924962,0.00257
Protein1,2,20,GSSHHHHHHDYDIPTTENL,,,17,2233.9758,State2,16.667002,2239.962166,0.192993,4.791042,0.0202848,4.90585,0.012846
Protein1,21,27,YFQGSGS,,,6,745.3151,State1,0,745.696349,0.018456,0,0,4.80379,0.011665
Protein1,21,27,YFQGSGS,,,6,745.3151,State1,0.167,748.774349,0.176541,3.078,0.0177504,4.82027,0.016246
Protein1,21,27,YFQGSGS,,,6,745.3151,State1,16.667002,748.797548,0.174682,3.101199,0.0175655,4.824213,0.012693
Protein1,21,27,YFQGSGS,,,6,745.3151,State2,0,745.696349,0.018456,0,0,4.80379,0.011665
Protein1,21,27,YFQGSGS,,,6,745.3151,State2,0.167,748.813165,0.04674,3.116816,0.0050252,4.836782,0.002427
Protein1,21,27,YFQGSGS,,,6,745.3151,State2,16.667002,748.674868,0.092168,2.978519,0.0093997,4.815112,0.010005
Protein1,21,28,YFQGSGSM,,,7,876.3556,State1,0,876.864488,0.028599,0,0,5.708149,0.017474
Protein1,21,28,YFQGSGSM,,,7,876.3556,State1,0.167,880.448001,0.330631,3.583513,0.0331866,5.728109,0.022063
Protein1,21,28,YFQGSGSM,,,7,876.3556,State1,16.667002,880.542348,0.301136,3.67786,0.0302491,5.732858,0.019769
Protein1,21,28,YFQGSGSM,,,7,876.3556,State2,0,876.864488,0.028599,0,0,5.708149,0.017474
Protein1,21,28,YFQGSGSM,,,7,876.3556,State2,0.167,880.613071,0.025913,3.748583,0.0038592,5.749412,0.00257
Protein1,21,28,YFQGSGSM,,,7,876.3556,State2,16.667002,880.279136,0.183356,3.414648,0.0185573,5.722392,0.013542
Protein1,21,30,YFQGSGSMSL,,,9,1076.4717,State1,0,1077.200773,0.047698,0,0,6.610371,0.019174
Protein1,21,30,YFQGSGSMSL,,,9,1076.4717,State1,0.167,1081.212668,0.157478,4.011895,0.0164543,6.635592,0.02214
Protein1,21,30,YFQGSGSMSL,,,9,1076.4717,State1,16.667002,1082.790254,0.281395,5.589481,0.0285409,6.642759,0.018795
Protein1,21,30,YFQGSGSMSL,,,9,1076.4717,State2,0,1077.200773,0.047698,0,0,6.610371,0.019174
Protein1,21,30,YFQGSGSMSL,,,9,1076.4717,State2,0.167,1081.364666,0.071077,4.163894,0.0085598,6.658689,0.001317
Protein1,21,30,YFQGSGSMSL,,,9,1076.4717,State2,16.667002,1082.673415,0.221388,5.472642,0.0226468,6.631813,0.017023
Protein1,21,32,YFQGSGSMSLND,,,11,1305.5416,State1,0,1306.256651,0.053831,0,0,6.049983,0.020191
Protein1,21,32,YFQGSGSMSLND,,,11,1305.5416,State1,0.167,1310.870106,0.229093,4.613454,0.0235332,6.070873,0.020279
Protein1,21,32,YFQGSGSMSLND,,,11,1305.5416,State1,16.667002,1313.043734,0.614862,6.787083,0.0617214,6.074595,0.016567
Protein1,21,32,YFQGSGSMSLND,,,11,1305.5416,State2,0,1306.256651,0.053831,0,0,6.049983,0.020191
Protein1,21,32,YFQGSGSMSLND,,,11,1305.5416,State2,0.167,1311.076714,0.204921,4.820062,0.0211873,6.083533,0.001475
Protein1,21,32,YFQGSGSMSLND,,,11,1305.5416,State2,16.667002,1312.768481,0.42405,6.51183,0.0427453,6.064191,0.012471
Protein1,24,30,GSGSMSL,,,6,638.2814,State1,0,638.787149,0.039959,0,0,6.607797,0.020488
Protein1,24,30,GSGSMSL,,,6,638.2814,State1,0.167,641.417214,0.107998,2.630065,0.0115153,6.635255,0.021354
Protein1,24,30,GSGSMSL,,,6,638.2814,State1,16.667002,642.457876,0.12188,3.670728,0.0128263,6.64206,0.018386
Protein1,24,30,GSGSMSL,,,6,638.2814,State2,0,638.787149,0.039959,0,0,6.607797,0.020488
Protein1,24,30,GSGSMSL,,,6,638.2814,State2,0.167,641.514496,0.083203,2.727347,0.0092301,6.656818,0.002902
Protein1,24,30,GSGSMSL,,,6,638.2814,State2,16.667002,642.38242,0.183296,3.595271,0.0187601,6.629229,0.017348
Protein1,31,38,NDFLSSVL,,,7,894.4567,State1,0,894.869298,0.014837,0,0,7.835206,0.026597
Protein1,31,38,NDFLSSVL,,,7,894.4567,State1,0.167,894.941258,0.010004,0.07196,0.0017894,7.860446,0.027635
Protein1,31,38,NDFLSSVL,,,7,894.4567,State1,16.667002,895.563151,0.056441,0.693853,0.0058358,7.868828,0.019879
Protein1,31,38,NDFLSSVL,,,7,894.4567,State2,0,894.869298,0.014837,0,0,7.835206,0.026597
Protein1,31,38,NDFLSSVL,,,7,894.4567,State2,0.167,894.957972,0.007888,0.088674,0.0016803,7.88541,0.002243
Protein1,31,38,NDFLSSVL,,,7,894.4567,State2,16.667002,895.544397,0.060447,0.675099,0.0062241,7.855359,0.022402
Protein1,35,43,SSVLPVSEQ,,,7,945.4888,State1,0,945.993847,0.022621,0,0,5.340745,0.017151
Protein1,35,43,SSVLPVSEQ,,,7,945.4888,State1,0.167,947.03826,0.036434,1.044414,0.0042885,5.361623,0.017362
Protein1,35,43,SSVLPVSEQ,,,7,945.4888,State1,16.667002,949.131958,0.127547,3.138111,0.0129538,5.366728,0.014103
Protein1,35,43,SSVLPVSEQ,,,7,945.4888,State2,0,945.993847,0.022621,0,0,5.340745,0.017151
Protein1,35,43,SSVLPVSEQ,,,7,945.4888,State2,0.167,947.053971,0.029033,1.060124,0.0036805,5.376441,0.001043
Protein1,35,43,SSVLPVSEQ,,,7,945.4888,State2,16.667002,949.012992,0.109327,3.019145,0.0111642,5.354677,0.011767
Protein1,35,44,SSVLPVSEQF,,,8,1092.5572,State1,0,1093.063748,0.021868,0,0,6.644186,0.021147
Protein1,35,44,SSVLPVSEQF,,,8,1092.5572,State1,0.167,1094.148943,0.015109,1.085195,0.002658,6.664914,0.021228
Protein1,35,44,SSVLPVSEQF,,,8,1092.5572,State1,16.667002,1093.707476,1.361622,0.643728,0.1361798,6.625285,0.011534
Protein1,35,44,SSVLPVSEQF,,,8,1092.5572,State2,0,1093.063748,0.021868,0,0,6.644186,0.021147
Protein1,35,44,SSVLPVSEQF,,,8,1092.5572,State2,0.167,1094.207011,0.069891,1.143263,0.0073233,6.683633,0.002248
Protein1,35,44,SSVLPVSEQF,,,8,1092.5572,State2,16.667002,1094.604968,1.572652,1.54122,0.1572804,6.628221,0.013478
Protein1,39,45,PVSEQFE,,,5,835.3832,State1,0,835.761485,0.018435,0,0,5.460309,0.016262
Protein1,39,45,PVSEQFE,,,5,835.3832,State1,0.167,836.836923,0.027817,1.075438,0.0033371,5.480704,0.017725
Protein1,39,45,PVSEQFE,,,5,835.3832,State1,16.667002,838.068498,0.105585,2.307013,0.0107183,5.484925,0.016372
Protein1,39,45,PVSEQFE,,,5,835.3832,State2,0,835.761485,0.018435,0,0,5.460309,0.016262
Protein1,39,45,PVSEQFE,,,5,835.3832,State2,0.167,836.802918,0.030711,1.041433,0.0035819,5.495261,0.002606
Protein1,39,45,PVSEQFE,,,5,835.3832,State2,16.667002,837.990375,0.051211,2.22889,0.0054428,5.473556,0.012383
Protein1,50,58,QSIPLETHA,,,7,995.5156,State1,0,996.075426,0.011149,0,0,5.105627,0.015077
Protein1,50,58,QSIPLETHA,,,7,995.5156,State1,0.167,996.707799,0.054114,0.632373,0.005525,5.127773,0.01875
Protein1,50,58,QSIPLETHA,,,7,995.5156,State1,16.667002,997.511749,0.134012,1.436323,0.0134475,5.132644,0.012616
Protein1,50,58,QSIPLETHA,,,7,995.5156,State2,0,996.075426,0.011149,0,0,5.105627,0.015077
Protein1,50,58,QSIPLETHA,,,7,995.5156,State2,0.167,996.639028,0.042993,0.563602,0.0044415,5.142869,0.000661
Protein1,50,58,QSIPLETHA,,,7,995.5156,State2,16.667002,997.352007,0.065326,1.276581,0.006627,5.121243,0.011095
Protein1,57,79,HAVVTPNKDDKRVPKSTIKTQHF,,,20,2646.4474,State1,0,2647.920003,0.010591,0,0,4.086024,0.010713
Protein1,57,79,HAVVTPNKDDKRVPKSTIKTQHF,,,20,2646.4474,State1,0.167,2651.09961,0.132322,3.179607,0.0132745,4.102751,0.011935
Protein1,57,79,HAVVTPNKDDKRVPKSTIKTQHF,,,20,2646.4474,State1,16.667002,2653.747202,0.333466,5.827199,0.0333634,4.107037,0.008708
Protein1,57,79,HAVVTPNKDDKRVPKSTIKTQHF,,,20,2646.4474,State2,0,2647.920003,0.010591,0,0,4.086024,0.010713
Protein1,57,79,HAVVTPNKDDKRVPKSTIKTQHF,,,20,2646.4474,State2,0.167,2651.271333,0.064251,3.351329,0.0065118,4.110846,0.000609
Protein1,57,79,HAVVTPNKDDKRVPKSTIKTQHF,,,20,2646.4474,State2,16.667002,2654.037407,0.312387,6.117404,0.0312566,4.096609,0.008766
Protein1,58,79,AVVTPNKDDKRVPKSTIKTQHF,,,19,2509.3885,State1,0,2510.754781,0.062075,0,0,4.075668,0.009662
Protein1,58,79,AVVTPNKDDKRVPKSTIKTQHF,,,19,2509.3885,State1,0.167,2513.836501,0.16644,3.08172,0.0177639,4.089115,0.013382
Protein1,58,79,AVVTPNKDDKRVPKSTIKTQHF,,,19,2509.3885,State1,16.667002,2516.698164,0.145675,5.943383,0.015835,4.098725,0.011564
Protein1,58,79,AVVTPNKDDKRVPKSTIKTQHF,,,19,2509.3885,State2,0,2510.754781,0.062075,0,0,4.075668,0.009662
Protein1,58,79,AVVTPNKDDKRVPKSTIKTQHF,,,19,2509.3885,State2,0.167,2529.537059,0.072982,18.782279,0.0095811,4.090404,0.004009
Protein1,58,79,AVVTPNKDDKRVPKSTIKTQHF,,,19,2509.3885,State2,16.667002,2525.4462,0.368831,14.691419,0.0374018,4.080145,0.005142
Protein1,59,79,VVTPNKDDKRVPKSTIKTQHF,,,18,2438.3514,State1,0,2439.68445,0.017102,0,0,4.147967,0.010292
Protein1,59,79,VVTPNKDDKRVPKSTIKTQHF,,,18,2438.3514,State1,0.167,2442.702317,0.16805,3.017867,0.0168918,4.166986,0.014083
Protein1,59,79,VVTPNKDDKRVPKSTIKTQHF,,,18,2438.3514,State1,16.667002,2444.74205,0.449138,5.0576,0.0449464,4.177187,0.010424
Protein1,59,79,VVTPNKDDKRVPKSTIKTQHF,,,18,2438.3514,State2,0,2439.68445,0.017102,0,0,4.147967,0.010292
Protein1,59,79,VVTPNKDDKRVPKSTIKTQHF,,,18,2438.3514,State2,0.167,2442.967663,0.071998,3.283213,0.0074001,4.186791,0.002025
Protein1,59,79,VVTPNKDDKRVPKSTIKTQHF,,,18,2438.3514,State2,16.667002,2444.707231,0.419908,5.022781,0.0420256,4.169174,0.007077
Protein1,61,79,TPNKDDKRVPKSTIKTQHF,,,16,2240.2146,State1,0,2241.575742,0.03525,0,0,4.157663,0.007655
Protein1,61,79,TPNKDDKRVPKSTIKTQHF,,,16,2240.2146,State1,0.167,2244.222951,0.123057,2.647209,0.0128006,4.181281,0.015492
Protein1,61,79,TPNKDDKRVPKSTIKTQHF,,,16,2240.2146,State1,16.667002,2246.045363,0.453611,4.469621,0.0454978,4.189243,0.007825
Protein1,61,79,TPNKDDKRVPKSTIKTQHF,,,16,2240.2146,State2,0,2241.575742,0.03525,0,0,4.157663,0.007655
Protein1,61,79,TPNKDDKRVPKSTIKTQHF,,,16,2240.2146,State2,0.167,2244.478969,0.053458,2.903227,0.0064034,4.186922,0.001624
Protein1,61,79,TPNKDDKRVPKSTIKTQHF,,,16,2240.2146,State2,16.667002,2246.045957,0.44503,4.470215,0.0446423,4.171016,0.007165
Protein1,62,79,PNKDDKRVPKSTIKTQHF,,,15,2139.1669,State1,0,2140.407654,0.033801,0,0,4.088577,0.01126
Protein1,62,79,PNKDDKRVPKSTIKTQHF,,,15,2139.1669,State1,0.167,2143.192652,0.089217,2.784998,0.0095405,4.102439,0.009657
Protein1,62,79,PNKDDKRVPKSTIKTQHF,,,15,2139.1669,State1,16.667002,2145.051443,0.386674,4.643789,0.0388148,4.102617,0.005742
Protein1,62,79,PNKDDKRVPKSTIKTQHF,,,15,2139.1669,State2,0,2140.407654,0.033801,0,0,4.088577,0.01126
Protein1,62,79,PNKDDKRVPKSTIKTQHF,,,15,2139.1669,State2,0.167,2143.286464,0.027544,2.87881,0.0043602,4.11181,0.002319
Protein1,62,79,PNKDDKRVPKSTIKTQHF,,,15,2139.1669,State2,16.667002,2145.118,0.218676,4.710347,0.0221273,4.099235,0.010827
Protein1,63,79,NKDDKRVPKSTIKTQHF,,,15,2042.1141,State1,0,2043.177337,0.041437,0,0,4.084073,0.010506
Protein1,63,79,NKDDKRVPKSTIKTQHF,,,15,2042.1141,State1,0.167,2046.074722,0.195792,2.897385,0.0200128,4.096603,0.00818
Protein1,63,79,NKDDKRVPKSTIKTQHF,,,15,2042.1141,State1,16.667002,2047.936979,0.249933,4.759642,0.0253344,4.103002,0.007893
Protein1,63,79,NKDDKRVPKSTIKTQHF,,,15,2042.1141,State2,0,2043.177337,0.041437,0,0,4.084073,0.010506
Protein1,63,79,NKDDKRVPKSTIKTQHF,,,15,2042.1141,State2,0.167,2046.153539,0.10746,2.976202,0.0115173,4.10738,0.001331
Protein1,63,79,NKDDKRVPKSTIKTQHF,,,15,2042.1141,State2,16.667002,2048.070151,0.227854,4.892814,0.0231591,4.097361,0.009343
Protein1,64,79,KDDKRVPKSTIKTQHF,,,14,1928.0712,State1,0,1929.060304,0.05595,0,0,4.08215,0.015285
Protein1,64,79,KDDKRVPKSTIKTQHF,,,14,1928.0712,State1,0.167,1932.175823,1.477387,3.115519,0.1478446,4.097012,0.004465
Protein1,64,79,KDDKRVPKSTIKTQHF,,,14,1928.0712,State1,16.667002,1933.75455,1.044426,4.694246,0.1045924,4.090851,0.018923
Protein1,64,79,KDDKRVPKSTIKTQHF,,,14,1928.0712,State2,0,1929.060304,0.05595,0,0,4.08215,0.015285
Protein1,64,79,KDDKRVPKSTIKTQHF,,,14,1928.0712,State2,0.167,1933.052211,0.197341,3.991907,0.0205119,4.101224,0.002337
Protein1,64,79,KDDKRVPKSTIKTQHF,,,14,1928.0712,State2,16.667002,1936.660508,0.48561,7.600203,0.0488822,4.07497,0.007862
Protein1,65,79,DDKRVPKSTIKTQHF,,,13,1799.9763,State1,0,1800.90503,0.055769,0,0,4.08013,0.009774
Protein1,65,79,DDKRVPKSTIKTQHF,,,13,1799.9763,State1,0.167,1803.044102,0.369519,2.139072,0.0373704,4.10793,0.009107
Protein1,65,79,DDKRVPKSTIKTQHF,,,13,1799.9763,State1,16.667002,1804.956834,0.130482,4.051804,0.0141901,4.107578,0.011085
Protein1,65,79,DDKRVPKSTIKTQHF,,,13,1799.9763,State2,0,1800.90503,0.055769,0,0,4.08013,0.009774
Protein1,65,79,DDKRVPKSTIKTQHF,,,13,1799.9763,State2,0.167,1803.389065,0.423718,2.484036,0.0427372,4.116486,0.008522
Protein1,65,79,DDKRVPKSTIKTQHF,,,13,1799.9763,State2,16.667002,1805.377848,0.749851,4.472818,0.0751922,4.107525,0.006318
Protein1,80,89,FSLFHQGKVF,,,9,1209.6415,State1,0,1210.268806,0.020745,0,0,6.688728,0.021791
Protein1,80,89,FSLFHQGKVF,,,9,1209.6415,State1,0.167,1210.584381,0.02379,0.315575,0.0031564,6.717365,0.023861
Protein1,80,89,FSLFHQGKVF,,,9,1209.6415,State1,16.667002,1210.846385,0.073344,0.577579,0.0076221,6.732107,0.020414
Protein1,80,89,FSLFHQGKVF,,,9,1209.6415,State2,0,1210.268806,0.020745,0,0,6.688728,0.021791
Protein1,80,89,FSLFHQGKVF,,,9,1209.6415,State2,0.167,1210.652497,0.006515,0.383691,0.0021744,6.748603,0.001432
Protein1,80,89,FSLFHQGKVF,,,9,1209.6415,State2,16.667002,1211.054189,0.058314,0.785383,0.0061894,6.717949,0.017251
Protein1,80,90,FSLFHQGKVFF,,,10,1356.7099,State1,0,1357.583947,0.06317,0,0,7.228474,0.021465
Protein1,80,90,FSLFHQGKVFF,,,10,1356.7099,State1,0.167,1357.770934,0.046547,0.186986,0.0078467,7.266479,0.027986
Protein1,80,90,FSLFHQGKVFF,,,10,1356.7099,State1,16.667002,1357.925137,0.025687,0.34119,0.0068193,7.273789,0.022609
Protein1,80,90,FSLFHQGKVFF,,,10,1356.7099,State2,0,1357.583947,0.06317,0,0,7.228474,0.021465
Protein1,80,90,FSLFHQGKVFF,,,10,1356.7099,State2,0.167,1357.693547,0.011294,0.1096,0.0064172,7.301592,0.003243
Protein1,80,90,FSLFHQGKVFF,,,10,1356.7099,State2,16.667002,1358.162188,0.023335,0.578241,0.0067343,7.259124,0.017612
Protein1,81,89,SLFHQGKVF,,,8,1062.5731,State1,0,1063.211031,0.046142,0,0,6.676747,0.020394
Protein1,81,89,SLFHQGKVF,,,8,1062.5731,State1,0.167,1066.083551,1.596363,2.87252,0.1597029,6.644673,0.035923
Protein1,81,89,SLFHQGKVF,,,8,1062.5731,State1,16.667002,1063.707335,0.031472,0.496304,0.0055853,6.736208,0.020959
Protein1,81,89,SLFHQGKVF,,,8,1062.5731,State2,0,1063.211031,0.046142,0,0,6.676747,0.020394
Protein1,81,89,SLFHQGKVF,,,8,1062.5731,State2,0.167,1067.069482,0.008203,3.858451,0.0046865,6.624781,0.001723
Protein1,81,89,SLFHQGKVF,,,8,1062.5731,State2,16.667002,1063.881367,0.042318,0.670336,0.0062609,6.720434,0.019078
Protein1,81,90,SLFHQGKVFF,,,9,1209.6415,State1,0,1210.251617,0.110195,0,0,7.234565,0.022082
Protein1,81,90,SLFHQGKVFF,,,9,1209.6415,State1,0.167,1210.525556,0.083683,0.273939,0.0138368,7.268423,0.028221
Protein1,81,90,SLFHQGKVFF,,,9,1209.6415,State1,16.667002,1210.732576,0.057357,0.480959,0.0124229,7.28022,0.023131
Protein1,81,90,SLFHQGKVFF,,,9,1209.6415,State2,0,1210.251617,0.110195,0,0,7.234565,0.022082
Protein1,81,90,SLFHQGKVFF,,,9,1209.6415,State2,0.167,1210.615355,0.158165,0.363738,0.0192767,7.310234,0.002274
Protein1,81,90,SLFHQGKVFF,,,9,1209.6415,State2,16.667002,1210.951894,0.015126,0.700278,0.0111229,7.263134,0.01684
Protein1,83,89,FHQGKVF,,,6,862.457,State1,0,862.908183,0.013929,0,0,5.061773,0.01294
Protein1,83,89,FHQGKVF,,,6,862.457,State1,0.167,863.181113,0.022928,0.272929,0.0026827,5.082314,0.018206
Protein1,83,89,FHQGKVF,,,6,862.457,State1,16.667002,863.38353,0.028279,0.475347,0.0031524,5.091394,0.014286
Protein1,83,89,FHQGKVF,,,6,862.457,State2,0,862.908183,0.013929,0,0,5.061773,0.01294
Protein1,83,89,FHQGKVF,,,6,862.457,State2,0.167,863.178067,0.013263,0.269884,0.0019233,5.100551,0.003403
Protein1,83,89,FHQGKVF,,,6,862.457,State2,16.667002,863.574338,0.023975,0.666154,0.0027727,5.078121,0.010017
Protein1,83,90,FHQGKVFF,,,7,1009.5254,State1,0,1010.061698,0.015543,0,0,6.09833,0.01886
Protein1,83,90,FHQGKVFF,,,7,1009.5254,State1,0.167,1010.282218,0.00371,0.22052,0.001598,6.132875,0.025001
Protein1,83,90,FHQGKVFF,,,7,1009.5254,State1,16.667002,1010.547572,0.046791,0.485874,0.0049305,6.143846,0.020715
Protein1,83,90,FHQGKVFF,,,7,1009.5254,State2,0,1010.061698,0.015543,0,0,6.09833,0.01886
Protein1,83,90,FHQGKVFF,,,7,1009.5254,State2,0.167,1010.283301,0.008775,0.221603,0.0017849,6.15972,0.001299
Protein1,83,90,FHQGKVFF,,,7,1009.5254,State2,16.667002,1010.72439,0.035278,0.662692,0.003855,6.126294,0.013513
Protein1,94,105,VYVYVTLWDEAD,,,11,1472.6944,State1,0,1473.392157,0.016423,0,0,5.413234,0.016826
Protein1,94,105,VYVYVTLWDEAD,,,11,1472.6944,State1,0.167,1475.901995,0.243483,2.509838,0.0244036,5.453914,0.018917
Protein1,94,105,VYVYVTLWDEAD,,,11,1472.6944,State1,16.667002,1477.455408,0.247792,4.063252,0.0248335,5.45343,0.020231
Protein1,94,105,VYVYVTLWDEAD,,,11,1472.6944,State2,0,1473.392157,0.016423,0,0,5.413234,0.016826
Protein1,94,105,VYVYVTLWDEAD,,,11,1472.6944,State2,0.167,1476.031737,0.150038,2.639581,0.0150934,5.461495,0.005427
Protein1,94,105,VYVYVTLWDEAD,,,11,1472.6944,State2,16.667002,1477.54387,0.504084,4.151714,0.0504351,5.438627,0.014118
Protein1,101,109,WDEADAERL,,,8,1104.4956,State1,0,1104.990689,0.024886,0,0,6.071936,0.017942
Protein1,101,109,WDEADAERL,,,8,1104.4956,State1,0.167,1106.502302,0.072328,1.511613,0.0076489,6.093609,0.02267
Protein1,101,109,WDEADAERL,,,8,1104.4956,State1,16.667002,1107.615311,0.107894,2.624622,0.0110727,6.098659,0.015671
Protein1,101,109,WDEADAERL,,,8,1104.4956,State2,0,1104.990689,0.024886,0,0,6.071936,0.017942
Protein1,101,109,WDEADAERL,,,8,1104.4956,State2,0.167,1106.608813,0.045236,1.618124,0.005163,6.110313,0.002175
Protein1,101,109,WDEADAERL,,,8,1104.4956,State2,16.667002,1107.564271,0.078664,2.573582,0.0082507,6.085922,0.015034
Protein1,106,113,AERLIFVS,,,7,934.5356,State1,0,935.037708,0.011568,0,0,4.995624,0.014297
Protein1,106,113,AERLIFVS,,,7,934.5356,State1,0.167,935.105769,0.017466,0.068062,0.0020949,5.030188,0.022452
Protein1,106,113,AERLIFVS,,,7,934.5356,State1,16.667002,935.25534,0.021539,0.217632,0.0024449,5.037858,0.015383
Protein1,106,113,AERLIFVS,,,7,934.5356,State2,0,935.037708,0.011568,0,0,4.995624,0.014297
Protein1,106,113,AERLIFVS,,,7,934.5356,State2,0.167,935.13128,0.018626,0.093572,0.0021926,5.049459,0.004169
Protein1,106,113,AERLIFVS,,,7,934.5356,State2,16.667002,935.282121,0.259085,0.244413,0.0259343,5.017876,0.011303
Protein1,110,119,IFVSKADTNG,,,9,1051.5419,State1,0,1052.02034,0.023865,0,0,4.63705,0.01339
Protein1,110,119,IFVSKADTNG,,,9,1051.5419,State1,0.167,1053.194562,0.035844,1.174222,0.0043062,4.653965,0.017156
Protein1,110,119,IFVSKADTNG,,,9,1051.5419,State1,16.667002,1054.737211,0.150961,2.716871,0.0152835,4.662201,0.012629
Protein1,110,119,IFVSKADTNG,,,9,1051.5419,State2,0,1052.02034,0.023865,0,0,4.63705,0.01339
Protein1,110,119,IFVSKADTNG,,,9,1051.5419,State2,0.167,1053.251389,0.02457,1.231049,0.0034253,4.670143,0.000753
Protein1,110,119,IFVSKADTNG,,,9,1051.5419,State2,16.667002,1054.671538,0.13549,2.651198,0.0137576,4.649897,0.009758
Protein1,110,123,IFVSKADTNGYCNT,,,13,1532.705,State1,0,1533.904163,0.065276,0,0,5.333576,0.017791
Protein1,110,123,IFVSKADTNGYCNT,,,13,1532.705,State1,0.167,1536.608233,0.159677,2.704071,0.0172504,5.362364,0.020786
Protein1,110,123,IFVSKADTNGYCNT,,,13,1532.705,State1,16.667002,1538.626631,0.507146,4.722468,0.051133,5.362255,0.0147
Protein1,110,123,IFVSKADTNGYCNT,,,13,1532.705,State2,0,1533.904163,0.065276,0,0,5.333576,0.017791
Protein1,110,123,IFVSKADTNGYCNT,,,13,1532.705,State2,0.167,1536.873521,0.048821,2.969358,0.0081513,5.370233,0.001415
Protein1,110,123,IFVSKADTNGYCNT,,,13,1532.705,State2,16.667002,1538.310035,0.375111,4.405872,0.0380748,5.345947,0.012319
Protein1,112,119,VSKADTNG,,,7,791.3894,State1,0,791.735513,0.008899,0,0,2.655692,0.00524
Protein1,112,119,VSKADTNG,,,7,791.3894,State1,0.167,792.87406,0.031181,1.138546,0.0032426,2.647018,0.015336
Protein1,112,119,VSKADTNG,,,7,791.3894,State1,16.667002,794.332269,0.225333,2.596756,0.0225508,2.669822,0.02159
Protein1,112,119,VSKADTNG,,,7,791.3894,State2,0,791.735513,0.008899,0,0,2.655692,0.00524
Protein1,112,119,VSKADTNG,,,7,791.3894,State2,0.167,792.927365,0.017677,1.191851,0.0019791,2.653569,0.005779
Protein1,112,119,VSKADTNG,,,7,791.3894,State2,16.667002,794.409195,0.138673,2.673681,0.0138958,2.646976,0.009651
Protein1,112,123,VSKADTNGYCNT,,,11,1272.5525,State1,0,1273.214399,0.018696,0,0,4.448983,0.013176
Protein1,112,123,VSKADTNGYCNT,,,11,1272.5525,State1,0.167,1276.073716,0.108124,2.859317,0.0109728,4.464226,0.015871
Protein1,112,123,VSKADTNGYCNT,,,11,1272.5525,State1,16.667002,1277.943652,0.394284,4.729254,0.0394727,4.472448,0.012993
Protein1,112,123,VSKADTNGYCNT,,,11,1272.5525,State2,0,1273.214399,0.018696,0,0,4.448983,0.013176
Protein1,112,123,VSKADTNGYCNT,,,11,1272.5525,State2,0.167,1276.308846,0.037437,3.094447,0.0041845,4.476308,0.001971
Protein1,112,123,VSKADTNGYCNT,,,11,1272.5525,State2,16.667002,1277.724656,0.29761,4.510257,0.0298197,4.459837,0.009233
Protein1,118,130,NGYCNTRVSVRDI,,,12,1496.7274,State1,0,1497.306174,0.123121,0,0,4.920779,0.013014
Protein1,118,130,NGYCNTRVSVRDI,,,12,1496.7274,State1,0.167,1500.755719,0.446566,3.449544,0.0463228,4.946645,0.020184
Protein1,118,130,NGYCNTRVSVRDI,,,12,1496.7274,State1,16.667002,1503.434259,2.036069,6.128084,0.2039788,4.959696,0.013698
Protein1,118,130,NGYCNTRVSVRDI,,,12,1496.7274,State2,0,1497.306174,0.123121,0,0,4.920779,0.013014
Protein1,118,130,NGYCNTRVSVRDI,,,12,1496.7274,State2,0.167,1499.852522,0.459447,2.546347,0.0475658,4.954997,0.005752
Protein1,118,130,NGYCNTRVSVRDI,,,12,1496.7274,State2,16.667002,1502.008661,0.91311,4.702487,0.0921373,4.940964,0.011515
Protein1,124,131,RVSVRDIT,,,7,945.5476,State1,0,945.956966,0.030495,0,0,4.642032,0.01243
Protein1,124,131,RVSVRDIT,,,7,945.5476,State1,0.167,948.005472,0.081825,2.048507,0.0087323,4.656404,0.017397
Protein1,124,131,RVSVRDIT,,,7,945.5476,State1,16.667002,948.397475,0.164994,2.440509,0.0167788,4.664707,0.013605
Protein1,124,131,RVSVRDIT,,,7,945.5476,State2,0,945.956966,0.030495,0,0,4.642032,0.01243
Protein1,124,131,RVSVRDIT,,,7,945.5476,State2,0.167,948.147001,0.046374,2.190036,0.0055502,4.676202,0.002054
Protein1,124,131,RVSVRDIT,,,7,945.5476,State2,16.667002,948.361985,0.127575,2.405019,0.0131169,4.65345,0.009552
Protein1,124,132,RVSVRDITK,,,8,1073.6426,State1,0,1074.174134,0.031659,0,0,4.236022,0.008739
Protein1,124,132,RVSVRDITK,,,8,1073.6426,State1,0.167,1076.389017,0.025146,2.214882,0.0040431,4.250064,0.012036
Protein1,124,132,RVSVRDITK,,,8,1073.6426,State1,16.667002,1076.724961,0.248801,2.550826,0.0250807,4.254691,0.009747
Protein1,124,132,RVSVRDITK,,,8,1073.6426,State2,0,1074.174134,0.031659,0,0,4.236022,0.008739
Protein1,124,132,RVSVRDITK,,,8,1073.6426,State2,0.167,1076.262162,0.025102,2.088027,0.0040403,4.260088,0.002795
Protein1,124,132,RVSVRDITK,,,8,1073.6426,State2,16.667002,1076.717887,0.175019,2.543752,0.0177859,4.238969,0.007771
Protein1,124,133,RVSVRDITKI,,,9,1186.7266,State1,0,1187.352122,0.023294,0,0,5.235572,0.015246
Protein1,124,133,RVSVRDITKI,,,9,1186.7266,State1,0.167,1189.162072,0.075854,1.80995,0.007935,5.259626,0.017366
Protein1,124,133,RVSVRDITKI,,,9,1186.7266,State1,16.667002,1189.606794,0.175485,2.254671,0.0177024,5.260375,0.016183
Protein1,124,133,RVSVRDITKI,,,9,1186.7266,State2,0,1187.352122,0.023294,0,0,5.235572,0.015246
Protein1,124,133,RVSVRDITKI,,,9,1186.7266,State2,0.167,1189.27597,0.12953,1.923848,0.0131607,5.274399,0.003085
Protein1,124,133,RVSVRDITKI,,,9,1186.7266,State2,16.667002,1189.374089,0.064091,2.021966,0.0068193,5.249271,0.010505
Protein1,124,135,RVSVRDITKIIL,,,11,1412.8948,State1,0,1414.153602,0.241923,0,0,6.381976,0.020489
Protein1,124,135,RVSVRDITKIIL,,,11,1412.8948,State1,0.167,1415.563058,0.080082,1.409456,0.0254833,6.407687,0.025482
Protein1,124,135,RVSVRDITKIIL,,,11,1412.8948,State1,16.667002,1416.009678,0.175059,1.856076,0.0298618,6.412406,0.020857
Protein1,124,135,RVSVRDITKIIL,,,11,1412.8948,State2,0,1414.153602,0.241923,0,0,6.381976,0.020489
Protein1,124,135,RVSVRDITKIIL,,,11,1412.8948,State2,0.167,1415.649664,0.052553,1.496062,0.0247565,6.42943,0.002277
Protein1,124,135,RVSVRDITKIIL,,,11,1412.8948,State2,16.667002,1415.859504,0.148147,1.705901,0.028368,6.394902,0.014645
Protein1,124,136,RVSVRDITKIILE,,,12,1541.9374,State1,0,1543.081967,0.093257,0,0,6.501588,0.020485
Protein1,124,136,RVSVRDITKIILE,,,12,1541.9374,State1,0.167,1544.615973,0.053804,1.534006,0.0107665,6.529927,0.028829
Protein1,124,136,RVSVRDITKIILE,,,12,1541.9374,State1,16.667002,1545.035516,0.199629,1.953549,0.0220338,6.528259,0.01853
Protein1,124,136,RVSVRDITKIILE,,,12,1541.9374,State2,0,1543.081967,0.093257,0,0,6.501588,0.020485
Protein1,124,136,RVSVRDITKIILE,,,12,1541.9374,State2,0.167,1544.703348,0.018017,1.621381,0.0094982,6.547511,0.003604
Protein1,124,136,RVSVRDITKIILE,,,12,1541.9374,State2,16.667002,1544.906831,0.141008,1.824863,0.0169057,6.509539,0.017574
Protein1,124,137,RVSVRDITKIILEF,,,13,1689.0058,State1,0,1689.932286,0.041462,0,0,7.703426,0.029775
Protein1,124,137,RVSVRDITKIILEF,,,13,1689.0058,State1,0.167,1691.407544,0,1.475257,0.0041462,7.679631,0
Protein1,124,137,RVSVRDITKIILEF,,,13,1689.0058,State1,16.667002,1691.691293,0.282879,1.759007,0.0285901,7.684848,0.029264
Protein1,124,137,RVSVRDITKIILEF,,,13,1689.0058,State2,0,1689.932286,0.041462,0,0,7.703426,0.029775
Protein1,124,137,RVSVRDITKIILEF,,,13,1689.0058,State2,0.167,1694.725707,0.546428,4.79342,0.0547999,7.763789,0.006919
Protein1,124,137,RVSVRDITKIILEF,,,13,1689.0058,State2,16.667002,1691.553769,0.052029,1.621483,0.0066529,7.669821,0.027368
Protein1,128,135,RDITKIIL,,,7,971.6248,State1,0,972.123273,0.028668,0,0,5.982155,0.016746
Protein1,128,135,RDITKIIL,,,7,971.6248,State1,0.167,972.135765,0.026459,0.012492,0.0039012,6.017385,0.024862
Protein1,128,135,RDITKIIL,,,7,971.6248,State1,16.667002,972.12524,0.018622,0.001967,0.0034185,6.024754,0.020097
Protein1,128,135,RDITKIIL,,,7,971.6248,State2,0,972.123273,0.028668,0,0,5.982155,0.016746
Protein1,128,135,RDITKIIL,,,7,971.6248,State2,0.167,972.079173,0.038984,-0.044101,0.004839,6.038151,0.002948
Protein1,128,135,RDITKIIL,,,7,971.6248,State2,16.667002,972.118995,0.033842,-0.004278,0.0044352,6.006382,0.015239
Protein1,128,136,RDITKIILE,,,8,1100.6674,State1,0,1101.211307,0.042527,0,0,5.778223,0.018132
Protein1,128,136,RDITKIILE,,,8,1100.6674,State1,0.167,1101.185107,0.024309,-0.0262,0.0048985,5.806147,0.020097
Protein1,128,136,RDITKIILE,,,8,1100.6674,State1,16.667002,1101.208202,0.03822,-0.003105,0.0057178,5.81457,0.015034
Protein1,128,136,RDITKIILE,,,8,1100.6674,State2,0,1101.211307,0.042527,0,0,5.778223,0.018132
Protein1,128,136,RDITKIILE,,,8,1100.6674,State2,0.167,1101.072267,0.026894,-0.13904,0.0050317,5.824481,0.002297
Protein1,128,136,RDITKIILE,,,8,1100.6674,State2,16.667002,1101.191612,0.008392,-0.019695,0.0043347,5.800075,0.013677
Protein2,1,7,MMMSDQE,,,6,871.2994,State1,0,871.876916,0.01235,0,0,5.288081,0.013865
Protein2,1,7,MMMSDQE,,,6,871.2994,State1,0.167,875.063229,0.499332,3.186313,0.0499485,5.303597,0.015445
Protein2,1,7,MMMSDQE,,,6,871.2994,State1,16.667002,875.11117,0.264351,3.234254,0.0264639,5.314085,0.016438
Protein2,1,7,MMMSDQE,,,6,871.2994,State2,0,871.876916,0.01235,0,0,5.288081,0.013865
Protein2,1,7,MMMSDQE,,,6,871.2994,State2,0.167,875.385223,0.626159,3.508307,0.062628,5.324746,0.003319
Protein2,1,7,MMMSDQE,,,6,871.2994,State2,16.667002,875.114426,0.139191,3.23751,0.0139738,5.301718,0.011885
Protein2,1,11,MMMSDQENENE,,,10,1357.4705,State1,0,1358.239001,0.018508,0,0,5.187395,0.015368
Protein2,1,11,MMMSDQENENE,,,10,1357.4705,State1,0.167,1363.838516,0.322591,5.599516,0.0323121,5.203389,0.020492
Protein2,1,11,MMMSDQENENE,,,10,1357.4705,State1,16.667002,1363.942992,0.307483,5.703991,0.030804,5.211137,0.015178
Protein2,1,11,MMMSDQENENE,,,10,1357.4705,State2,0,1358.239001,0.018508,0,0,5.187395,0.015368
Protein2,1,11,MMMSDQENENE,,,10,1357.4705,State2,0.167,1364.015051,0.011516,5.77605,0.0021798,5.221668,0.003271
Protein2,1,11,MMMSDQENENE,,,10,1357.4705,State2,16.667002,1363.625998,0.20042,5.386998,0.0201273,5.198497,0.01387
Protein2,1,15,MMMSDQENENEHAKA,,,14,1764.6986,State1,0,1766.218815,0.072561,0,0,4.488111,0.009651
Protein2,1,15,MMMSDQENENEHAKA,,,14,1764.6986,State1,0.167,1772.39573,0.286872,6.176915,0.0295906,4.512146,0.016854
Protein2,1,15,MMMSDQENENEHAKA,,,14,1764.6986,State1,16.667002,1772.796279,0.370432,6.577465,0.0377472,4.516972,0.012603
Protein2,1,15,MMMSDQENENEHAKA,,,14,1764.6986,State2,0,1766.218815,0.072561,0,0,4.488111,0.009651
Protein2,1,15,MMMSDQENENEHAKA,,,14,1764.6986,State2,0.167,1772.381778,0.080031,6.162963,0.0108029,4.530697,0.001558
Protein2,1,15,MMMSDQENENEHAKA,,,14,1764.6986,State2,16.667002,1772.324535,0.241389,6.105721,0.0252059,4.509529,0.013073
Protein2,1,16,MMMSDQENENEHAKAF,,,15,1911.767,State1,0,1913.108008,0.042235,0,0,5.328508,0.015522
Protein2,1,16,MMMSDQENENEHAKAF,,,15,1911.767,State1,0.167,1919.160291,0.331439,6.052283,0.0334119,5.361329,0.019718
Protein2,1,16,MMMSDQENENEHAKAF,,,15,1911.767,State1,16.667002,1920.136244,0.520449,7.028237,0.052216,5.364229,0.016942
Protein2,1,16,MMMSDQENENEHAKAF,,,15,1911.767,State2,0,1913.108008,0.042235,0,0,5.328508,0.015522
Protein2,1,16,MMMSDQENENEHAKAF,,,15,1911.767,State2,0.167,1919.466491,0.072037,6.358483,0.0083505,5.371765,0.004128
Protein2,1,16,MMMSDQENENEHAKAF,,,15,1911.767,State2,16.667002,1919.518458,0.40935,6.410451,0.0411523,5.351602,0.012387
Protein2,1,17,MMMSDQENENEHAKAFL,,,16,2024.8511,State1,0,2026.053322,0.048254,0,0,6.005792,0.022541
Protein2,1,17,MMMSDQENENEHAKAFL,,,16,2024.8511,State1,0.167,2032.300353,0.379966,6.247031,0.0383018,6.041736,0.023681
Protein2,1,17,MMMSDQENENEHAKAFL,,,16,2024.8511,State1,16.667002,2033.850978,0.539152,7.797655,0.0541308,6.052261,0.016134
Protein2,1,17,MMMSDQENENEHAKAFL,,,16,2024.8511,State2,0,2026.053322,0.048254,0,0,6.005792,0.022541
Protein2,1,17,MMMSDQENENEHAKAFL,,,16,2024.8511,State2,0.167,2032.486274,0.103824,6.432952,0.011449,6.062997,0.00051
Protein2,1,17,MMMSDQENENEHAKAFL,,,16,2024.8511,State2,16.667002,2033.153166,0.492497,7.099844,0.0494855,6.03819,0.019644
Protein2,1,19,MMMSDQENENEHAKAFLGL,,,18,2194.9566,State1,0,2196.480796,0.12325,0,0,6.735598,0.025141
Protein2,1,19,MMMSDQENENEHAKAFLGL,,,18,2194.9566,State1,0.167,2201.988574,0.577371,5.507779,0.0590379,6.774298,0.019128
Protein2,1,19,MMMSDQENENEHAKAFLGL,,,18,2194.9566,State1,16.667002,2204.552953,0.830814,8.072157,0.0839906,6.778042,0.014578
Protein2,1,19,MMMSDQENENEHAKAFLGL,,,18,2194.9566,State2,0,2196.480796,0.12325,0,0,6.735598,0.025141
Protein2,1,19,MMMSDQENENEHAKAFLGL,,,18,2194.9566,State2,0.167,2202.179152,0.10877,5.698357,0.0164382,6.785265,0.002701
Protein2,1,19,MMMSDQENENEHAKAFLGL,,,18,2194.9566,State2,16.667002,2203.71368,0.701428,7.232884,0.0712174,6.770005,0.019821
Protein2,2,11,MMSDQENENE,,,9,1226.43,State1,0,1227.096142,0.042492,0,0,4.444563,0.01093
Protein2,2,11,MMSDQENENE,,,9,1226.43,State1,0.167,1231.8486,0.366996,4.752459,0.0369448,4.461896,0.016192
Protein2,2,11,MMSDQENENE,,,9,1226.43,State1,16.667002,1231.83977,0.192246,4.743629,0.0196885,4.465529,0.010448
Protein2,2,11,MMSDQENENE,,,9,1226.43,State2,0,1227.096142,0.042492,0,0,4.444563,0.01093
Protein2,2,11,MMSDQENENE,,,9,1226.43,State2,0.167,1231.843853,0.040514,4.747712,0.0058711,4.48124,0.000649
Protein2,2,11,MMSDQENENE,,,9,1226.43,State2,16.667002,1231.458389,0.153206,4.362247,0.0158989,4.463863,0.01169
Protein2,2,15,MMSDQENENEHAKA,,,13,1633.6581,State1,0,1634.724532,0.033049,0,0,3.953552,0.007425
Protein2,2,15,MMSDQENENEHAKA,,,13,1633.6581,State1,0.167,1640.514443,0.270026,5.789911,0.0272041,3.965813,0.013408
Protein2,2,15,MMSDQENENEHAKA,,,13,1633.6581,State1,16.667002,1640.846929,0.299161,6.122397,0.0300981,3.971782,0.008789
Protein2,2,15,MMSDQENENEHAKA,,,13,1633.6581,State2,0,1634.724532,0.033049,0,0,3.953552,0.007425
Protein2,2,15,MMSDQENENEHAKA,,,13,1633.6581,State2,0.167,1640.48478,0.055406,5.760248,0.0064514,3.973605,0.002653
Protein2,2,15,MMSDQENENEHAKA,,,13,1633.6581,State2,16.667002,1640.559461,0.168295,5.834929,0.0171509,3.960574,0.007623
Protein2,2,16,MMSDQENENEHAKAF,,,14,1780.7265,State1,0,1781.775783,0.028437,0,0,4.939538,0.013957
Protein2,2,16,MMSDQENENEHAKAF,,,14,1780.7265,State1,0.167,1787.540357,0.294828,5.764574,0.0296197,4.963227,0.018424
Protein2,2,16,MMSDQENENEHAKAF,,,14,1780.7265,State1,16.667002,1788.314577,0.505165,6.538795,0.0505965,4.96775,0.015633
Protein2,2,16,MMSDQENENEHAKAF,,,14,1780.7265,State2,0,1781.775783,0.028437,0,0,4.939538,0.013957
Protein2,2,16,MMSDQENENEHAKAF,,,14,1780.7265,State2,0.167,1787.710665,0.056342,5.934883,0.0063112,4.975226,0.00274
Protein2,2,16,MMSDQENENEHAKAF,,,14,1780.7265,State2,16.667002,1787.894779,0.368241,6.118997,0.0369337,4.9531,0.013587
Protein2,2,19,MMSDQENENEHAKAFLGL,,,17,2063.9161,State1,0,2065.183119,0.070314,0,0,6.60464,0.022447
Protein2,2,19,MMSDQENENEHAKAFLGL,,,17,2063.9161,State1,0.167,2070.558827,0.412676,5.375708,0.0418623,6.63961,0.021981
Protein2,2,19,MMSDQENENEHAKAFLGL,,,17,2063.9161,State1,16.667002,2073.281563,0.538244,8.098444,0.0542818,6.643576,0.015016
Protein2,2,19,MMSDQENENEHAKAFLGL,,,17,2063.9161,State2,0,2065.183119,0.070314,0,0,6.60464,0.022447
Protein2,2,19,MMSDQENENEHAKAFLGL,,,17,2063.9161,State2,0.167,2070.670915,0.066408,5.487796,0.0096716,6.653257,0.002199
Protein2,2,19,MMSDQENENEHAKAFLGL,,,17,2063.9161,State2,16.667002,2072.636378,0.49158,7.453259,0.0496584,6.635984,0.019934
Protein2,3,15,MSDQENENEHAKA,,,12,1502.6176,State1,0,1503.528715,0.027342,0,0,4.48444,0.010372
Protein2,3,15,MSDQENENEHAKA,,,12,1502.6176,State1,0.167,1509.516711,0.298497,5.987996,0.0299747,4.506764,0.015749
Protein2,3,15,MSDQENENEHAKA,,,12,1502.6176,State1,16.667002,1509.908409,0.310327,6.379693,0.0311529,4.515519,0.01371
Protein2,3,15,MSDQENENEHAKA,,,12,1502.6176,State2,0,1503.528715,0.027342,0,0,4.48444,0.010372
Protein2,3,15,MSDQENENEHAKA,,,12,1502.6176,State2,0.167,1509.575888,0.044723,6.047173,0.0052419,4.518438,0.003182
Protein2,3,15,MSDQENENEHAKA,,,12,1502.6176,State2,16.667002,1509.500915,0.228576,5.972199,0.0230206,4.502035,0.009848
Protein2,3,16,MSDQENENEHAKAF,,,13,1649.686,State1,0,1650.658562,0.029491,0,0,4.695319,0.011469
Protein2,3,16,MSDQENENEHAKAF,,,13,1649.686,State1,0.167,1655.596186,0.306459,4.937624,0.0307875,4.715693,0.015401
Protein2,3,16,MSDQENENEHAKAF,,,13,1649.686,State1,16.667002,1656.281413,0.388059,5.622851,0.0389178,4.722732,0.011446
Protein2,3,16,MSDQENENEHAKAF,,,13,1649.686,State2,0,1650.658562,0.029491,0,0,4.695319,0.011469
Protein2,3,16,MSDQENENEHAKAF,,,13,1649.686,State2,0.167,1655.69909,0.075513,5.040528,0.0081068,4.732179,0.001536
Protein2,3,16,MSDQENENEHAKAF,,,13,1649.686,State2,16.667002,1655.987521,0.242007,5.328959,0.0243797,4.71178,0.009904
Protein2,3,17,MSDQENENEHAKAFL,,,14,1762.7701,State1,0,1763.764966,0.034765,0,0,5.636415,0.017177
Protein2,3,17,MSDQENENEHAKAFL,,,14,1762.7701,State1,0.167,1768.712426,0.271815,4.94746,0.0274029,5.668802,0.020558
Protein2,3,17,MSDQENENEHAKAFL,,,14,1762.7701,State1,16.667002,1770.124189,0.437291,6.359223,0.0438671,5.673678,0.016905
Protein2,3,17,MSDQENENEHAKAFL,,,14,1762.7701,State2,0,1763.764966,0.034765,0,0,5.636415,0.017177
Protein2,3,17,MSDQENENEHAKAFL,,,14,1762.7701,State2,0.167,1768.854519,0.051503,5.089553,0.0062138,5.68522,0.004185
Protein2,3,17,MSDQENENEHAKAFL,,,14,1762.7701,State2,16.667002,1769.549161,0.254623,5.784195,0.0256986,5.656699,0.013191
Protein2,3,19,MSDQENENEHAKAFLGL,,,16,1932.8756,State1,0,1933.964053,0.01618,0,0,6.550697,0.023303
Protein2,3,19,MSDQENENEHAKAFLGL,,,16,1932.8756,State1,0.167,1938.892367,0.45585,4.928314,0.0456137,6.585572,0.020975
Protein2,3,19,MSDQENENEHAKAFLGL,,,16,1932.8756,State1,16.667002,1941.427653,0.677014,7.4636,0.0677207,6.591065,0.016344
Protein2,3,19,MSDQENENEHAKAFLGL,,,16,1932.8756,State2,0,1933.964053,0.01618,0,0,6.550697,0.023303
Protein2,3,19,MSDQENENEHAKAFLGL,,,16,1932.8756,State2,0.167,1939.217416,0.030923,5.253363,0.00349,6.603256,0.0018
Protein2,3,19,MSDQENENEHAKAFLGL,,,16,1932.8756,State2,16.667002,1940.939391,0.678421,6.975339,0.0678614,6.582077,0.015583
Protein2,4,11,SDQENENE,,,7,964.349,State1,0,964.791227,0.025651,0,0,2.657359,0.017217
Protein2,4,11,SDQENENE,,,7,964.349,State1,0.167,968.538242,0,3.747015,0.0025651,2.62732,0
Protein2,4,11,SDQENENE,,,7,964.349,State1,16.667002,968.795801,0.021071,4.004574,0.0033195,2.644793,0.021217
Protein2,4,11,SDQENENE,,,7,964.349,State2,0,964.791227,0.025651,0,0,2.657359,0.017217
Protein2,4,11,SDQENENE,,,7,964.349,State2,0.167,968.735355,0.036009,3.944128,0.0044211,2.659655,0.017687
Protein2,4,11,SDQENENE,,,7,964.349,State2,16.667002,968.493137,0.01687,3.701911,0.0030701,2.639741,0.006002
Protein2,4,15,SDQENENEHAKA,,,11,1371.5771,State1,0,1372.199432,0.011331,0,0,2.657193,0.005337
Protein2,4,15,SDQENENEHAKA,,,11,1371.5771,State1,0.167,1377.65877,0.202057,5.459338,0.0202375,2.648806,0.016891
Protein2,4,15,SDQENENEHAKA,,,11,1371.5771,State1,16.667002,1378.109482,0.010696,5.910049,0.0015582,2.649597,0.010127
Protein2,4,15,SDQENENEHAKA,,,11,1371.5771,State2,0,1372.199432,0.011331,0,0,2.657193,0.005337
Protein2,4,15,SDQENENEHAKA,,,11,1371.5771,State2,0.167,1377.624827,0.03445,5.425394,0.0036265,2.652709,0.006512
Protein2,4,15,SDQENENEHAKA,,,11,1371.5771,State2,16.667002,1377.730371,0.180482,5.530939,0.0180837,2.64774,0.010487
Protein2,4,16,SDQENENEHAKAF,,,12,1518.6455,State1,0,1519.746676,0.054681,0,0,4.479382,0.010201
Protein2,4,16,SDQENENEHAKAF,,,12,1518.6455,State1,0.167,1524.657379,0.179568,4.910702,0.0187709,4.502466,0.017857
Protein2,4,16,SDQENENEHAKAF,,,12,1518.6455,State1,16.667002,1525.295541,0.20277,5.548865,0.0210013,4.506546,0.011011
Protein2,4,16,SDQENENEHAKAF,,,12,1518.6455,State2,0,1519.746676,0.054681,0,0,4.479382,0.010201
Protein2,4,16,SDQENENEHAKAF,,,12,1518.6455,State2,0.167,1524.485562,0.046731,4.738885,0.0071929,4.513166,0.003241
Protein2,4,16,SDQENENEHAKAF,,,12,1518.6455,State2,16.667002,1525.068846,0.121877,5.32217,0.0133582,4.493043,0.010224
Protein2,4,17,SDQENENEHAKAFL,,,13,1631.7296,State1,0,1632.577555,0.021019,0,0,5.542154,0.016571
Protein2,4,17,SDQENENEHAKAFL,,,13,1631.7296,State1,0.167,1638.16811,0.271147,5.590555,0.027196,5.570554,0.018809
Protein2,4,17,SDQENENEHAKAFL,,,13,1631.7296,State1,16.667002,1639.379494,0.371317,6.801939,0.0371911,5.576714,0.015845
Protein2,4,17,SDQENENEHAKAFL,,,13,1631.7296,State2,0,1632.577555,0.021019,0,0,5.542154,0.016571
Protein2,4,17,SDQENENEHAKAFL,,,13,1631.7296,State2,0.167,1637.962969,0.038225,5.385414,0.0043623,5.592442,0.002192
Protein2,4,17,SDQENENEHAKAFL,,,13,1631.7296,State2,16.667002,1639.047971,0.696244,6.470416,0.0696562,5.571266,0.011302
Protein2,4,19,SDQENENEHAKAFLGL,,,15,1801.8351,State1,0,1803.027976,0.057342,0,0,6.477181,0.017848
Protein2,4,19,SDQENENEHAKAFLGL,,,15,1801.8351,State1,0.167,1808.209515,0.198405,5.181539,0.0206525,6.516409,0.023094
Protein2,4,19,SDQENENEHAKAFLGL,,,15,1801.8351,State1,16.667002,1810.646894,0.434957,7.618918,0.043872,6.523831,0.018034
Protein2,4,19,SDQENENEHAKAFLGL,,,15,1801.8351,State2,0,1803.027976,0.057342,0,0,6.477181,0.017848
Protein2,4,19,SDQENENEHAKAFLGL,,,15,1801.8351,State2,0.167,1808.242814,0.061361,5.214838,0.0083984,6.535212,0.000839
Protein2,4,19,SDQENENEHAKAFLGL,,,15,1801.8351,State2,16.667002,1810.18635,0.376995,7.158374,0.0381331,6.510433,0.018887
Protein2,6,15,QENENEHAKA,,,9,1169.5182,State1,0,1170.144378,0.030267,0,0,2.660537,0.006546
Protein2,6,15,QENENEHAKA,,,9,1169.5182,State1,0.167,1174.501213,0.192141,4.356834,0.0194511,2.654049,0.016799
Protein2,6,15,QENENEHAKA,,,9,1169.5182,State1,16.667002,1175.01248,0.008631,4.868102,0.0031473,2.654734,0.01014
Protein2,6,15,QENENEHAKA,,,9,1169.5182,State2,0,1170.144378,0.030267,0,0,2.660537,0.006546
Protein2,6,15,QENENEHAKA,,,9,1169.5182,State2,0.167,1174.650654,0.055816,4.506276,0.0063494,2.654268,0.004066
Protein2,6,15,QENENEHAKA,,,9,1169.5182,State2,16.667002,1174.937957,0.766615,4.793579,0.0767212,2.659569,0.01111
Protein2,6,16,QENENEHAKAF,,,10,1316.5866,State1,0,1317.200713,0.082601,0,0,4.479831,0.007742
Protein2,6,16,QENENEHAKAF,,,10,1316.5866,State1,0.167,1324.34084,0.335018,7.140127,0.034505,4.49687,0.01587
Protein2,6,16,QENENEHAKAF,,,10,1316.5866,State1,16.667002,1325.880451,2.27E-13,8.679737,0.0082601,4.49983,0
Protein2,6,16,QENENEHAKAF,,,10,1316.5866,State2,0,1317.200713,0.082601,0,0,4.479831,0.007742
Protein2,6,16,QENENEHAKAF,,,10,1316.5866,State2,0.167,1323.756287,0.355234,6.555574,0.0364711,4.512362,0.005362
Protein2,8,16,NENEHAKAF,,,8,1059.4854,State1,0,1059.900693,0.071899,0,0,4.477474,0.010382
Protein2,8,16,NENEHAKAF,,,8,1059.4854,State1,0.167,1063.740929,0.75539,3.840236,0.0758804,4.498967,0.012894
Protein2,8,16,NENEHAKAF,,,8,1059.4854,State1,16.667002,1064.378624,0.291223,4.477931,0.0299967,4.499795,0.0132
Protein2,8,16,NENEHAKAF,,,8,1059.4854,State2,0,1059.900693,0.071899,0,0,4.477474,0.010382
Protein2,8,16,NENEHAKAF,,,8,1059.4854,State2,0.167,1063.28542,0.238754,3.384728,0.0249345,4.513043,0.008095
Protein2,8,16,NENEHAKAF,,,8,1059.4854,State2,16.667002,1064.357713,0.46454,4.457021,0.0470072,4.489566,0.012568
Protein2,8,19,NENEHAKAFLGL,,,11,1342.675,State1,0,1343.562332,0.048165,0,0,6.389057,0.019726
Protein2,8,19,NENEHAKAFLGL,,,11,1342.675,State1,0.167,1346.741874,0.054968,3.179541,0.0073085,6.42797,0.023557
Protein2,8,19,NENEHAKAFLGL,,,11,1342.675,State1,16.667002,1348.945341,0.190675,5.383009,0.0196664,6.438032,0.019414
Protein2,8,19,NENEHAKAFLGL,,,11,1342.675,State2,0,1343.562332,0.048165,0,0,6.389057,0.019726
Protein2,8,19,NENEHAKAFLGL,,,11,1342.675,State2,0.167,1346.489509,0.029204,2.927177,0.0056327,6.451861,0.000882
Protein2,8,19,NENEHAKAFLGL,,,11,1342.675,State2,16.667002,1348.753706,0.166444,5.191373,0.0173273,6.426237,0.018331
Protein2,9,19,ENEHAKAFLGL,,,10,1228.6321,State1,0,1229.202162,0.040687,0,0,6.401196,0.021653
Protein2,9,19,ENEHAKAFLGL,,,10,1228.6321,State1,0.167,1232.103885,0.087332,2.901723,0.0096345,6.438615,0.024424
Protein2,9,19,ENEHAKAFLGL,,,10,1228.6321,State1,16.667002,1234.400715,0.172965,5.198554,0.0177686,6.450765,0.021453
Protein2,9,19,ENEHAKAFLGL,,,10,1228.6321,State2,0,1229.202162,0.040687,0,0,6.401196,0.021653
Protein2,9,19,ENEHAKAFLGL,,,10,1228.6321,State2,0.167,1232.030793,0.073125,2.828631,0.0083682,6.463461,0.001769
Protein2,9,19,ENEHAKAFLGL,,,10,1228.6321,State2,16.667002,1234.11794,0.214211,4.915779,0.0218041,6.438046,0.01554
Protein2,10,19,NEHAKAFLGL,,,9,1099.5895,State1,0,1100.317874,0.02782,0,0,6.357509,0.020385
Protein2,10,19,NEHAKAFLGL,,,9,1099.5895,State1,0.167,1102.86,0.034971,2.542125,0.0044686,6.397667,0.023176
Protein2,10,19,NEHAKAFLGL,,,9,1099.5895,State1,16.667002,1104.982468,0.137684,4.664594,0.0140467,6.408635,0.018873
Protein2,10,19,NEHAKAFLGL,,,9,1099.5895,State2,0,1100.317874,0.02782,0,0,6.357509,0.020385
Protein2,10,19,NEHAKAFLGL,,,9,1099.5895,State2,0.167,1102.536843,0.029324,2.218969,0.004042,6.418283,0.001188
Protein2,10,19,NEHAKAFLGL,,,9,1099.5895,State2,16.667002,1104.910798,0.122739,4.592924,0.0125853,6.393056,0.0171
Protein2,12,19,HAKAFLGL,,,7,856.504,State1,0,856.962362,0.017301,0,0,6.269342,0.018385
Protein2,12,19,HAKAFLGL,,,7,856.504,State1,0.167,858.822324,0.012895,1.859962,0.0021578,6.308455,0.023851
Protein2,12,19,HAKAFLGL,,,7,856.504,State1,16.667002,860.893315,0.0926,3.930953,0.0094203,6.322062,0.018516
Protein2,12,19,HAKAFLGL,,,7,856.504,State2,0,856.962362,0.017301,0,0,6.269342,0.018385
Protein2,12,19,HAKAFLGL,,,7,856.504,State2,0.167,858.483057,0.030183,1.520695,0.003479,6.332961,0.00119
Protein2,12,19,HAKAFLGL,,,7,856.504,State2,16.667002,860.75991,0.067421,3.797548,0.0069606,6.306869,0.015877
Protein2,18,24,GLAKCEE,,,6,749.3498,State1,0,749.734348,0.015259,0,0,4.248051,0.009178
Protein2,18,24,GLAKCEE,,,6,749.3498,State1,0.167,750.165462,0.050863,0.431114,0.0053102,4.267235,0.017708
Protein2,18,24,GLAKCEE,,,6,749.3498,State1,16.667002,753.0987,0.093678,3.364352,0.0094912,4.272203,0.008389
Protein2,18,24,GLAKCEE,,,6,749.3498,State2,0,749.734348,0.015259,0,0,4.248051,0.009178
Protein2,18,24,GLAKCEE,,,6,749.3498,State2,0.167,749.991706,0.012338,0.257358,0.0019623,4.277308,0.004344
Protein2,18,24,GLAKCEE,,,6,749.3498,State2,16.667002,752.957566,0.100011,3.223218,0.0101168,4.259044,0.008029
Protein2,20,28,AKCEEEVDA,,,8,993.4194,State1,0,993.868821,0.02591,0,0,4.344709,0.010845
Protein2,20,28,AKCEEEVDA,,,8,993.4194,State1,0.167,993.976017,0.031833,0.107196,0.0041044,4.367783,0.017458
Protein2,20,28,AKCEEEVDA,,,8,993.4194,State1,16.667002,996.656245,0.234405,2.787423,0.0235833,4.368881,0.009
Protein2,20,28,AKCEEEVDA,,,8,993.4194,State2,0,993.868821,0.02591,0,0,4.344709,0.010845
Protein2,20,28,AKCEEEVDA,,,8,993.4194,State2,0.167,993.9763,0.031453,0.107479,0.004075,4.377021,0.001721
Protein2,20,28,AKCEEEVDA,,,8,993.4194,State2,16.667002,996.265511,0.107319,2.396689,0.0110402,4.36315,0.01038
Protein2,28,34,AIEREVE,,,6,845.4363,State1,0,845.810082,0.023663,0,0,4.293544,0.010285
Protein2,28,34,AIEREVE,,,6,845.4363,State1,0.167,845.948028,0.017978,0.137946,0.0029718,4.31272,0.017915
Protein2,28,34,AIEREVE,,,6,845.4363,State1,16.667002,846.332472,0.020694,0.52239,0.0031435,4.323267,0.008623
Protein2,28,34,AIEREVE,,,6,845.4363,State2,0,845.810082,0.023663,0,0,4.293544,0.010285
Protein2,28,34,AIEREVE,,,6,845.4363,State2,0.167,845.928476,0.024344,0.118394,0.0033949,4.321831,0.0026
Protein2,28,34,AIEREVE,,,6,845.4363,State2,16.667002,846.237498,0.037028,0.427416,0.0043943,4.308575,0.011074
Protein2,28,35,AIEREVEL,,,7,958.5204,State1,0,958.969832,0.030269,0,0,5.750149,0.020514
Protein2,28,35,AIEREVEL,,,7,958.5204,State1,0.167,958.964996,0.07976,-0.004837,0.008531,5.787086,0.019891
Protein2,28,35,AIEREVEL,,,7,958.5204,State1,16.667002,959.383024,0.047053,0.413191,0.0055948,5.788223,0.013512
Protein2,28,35,AIEREVEL,,,7,958.5204,State2,0,958.969832,0.030269,0,0,5.750149,0.020514
Protein2,28,35,AIEREVEL,,,7,958.5204,State2,0.167,958.993904,0.008933,0.024072,0.003156,5.78494,0.002889
Protein2,28,35,AIEREVEL,,,7,958.5204,State2,16.667002,959.300092,0.049354,0.330259,0.0057897,5.767282,0.013511
Protein2,28,45,AIEREVELYRLNKMKPVY,,,16,2251.2267,State1,0,2252.375953,0.017962,0,0,5.015074,0.017246
Protein2,28,45,AIEREVELYRLNKMKPVY,,,16,2251.2267,State1,0.167,2255.350777,0.209625,2.974824,0.0210393,5.040812,0.019961
Protein2,28,45,AIEREVELYRLNKMKPVY,,,16,2251.2267,State1,16.667002,2257.913159,0.825993,5.537206,0.0826188,5.05161,0.011386
Protein2,28,45,AIEREVELYRLNKMKPVY,,,16,2251.2267,State2,0,2252.375953,0.017962,0,0,5.015074,0.017246
Protein2,28,45,AIEREVELYRLNKMKPVY,,,16,2251.2267,State2,0.167,2255.5511,0.644187,3.175146,0.0644437,5.059594,0.00286
Protein2,28,45,AIEREVELYRLNKMKPVY,,,16,2251.2267,State2,16.667002,2257.890476,0.086104,5.514522,0.0087958,5.029122,0.017124
Protein2,35,45,LYRLNKMKPVY,,,9,1424.8083,State1,0,1425.68838,0.030783,0,0,5.308293,0.015709
Protein2,35,45,LYRLNKMKPVY,,,9,1424.8083,State1,0.167,1425.844221,0.054056,0.155841,0.0062206,5.344373,0.020349
Protein2,35,45,LYRLNKMKPVY,,,9,1424.8083,State1,16.667002,1425.979776,0.033273,0.291396,0.0045328,5.348898,0.017366
Protein2,35,45,LYRLNKMKPVY,,,9,1424.8083,State2,0,1425.68838,0.030783,0,0,5.308293,0.015709
Protein2,35,45,LYRLNKMKPVY,,,9,1424.8083,State2,0.167,1425.777571,0.001434,0.089191,0.0030816,5.357491,0.002018
Protein2,35,45,LYRLNKMKPVY,,,9,1424.8083,State2,16.667002,1426.001539,0.013074,0.313159,0.0033444,5.331683,0.009695
Protein2,35,46,LYRLNKMKPVYE,,,10,1553.8508,State1,0,1554.731443,0.029112,0,0,5.271272,0.015531
Protein2,35,46,LYRLNKMKPVYE,,,10,1553.8508,State1,0.167,1554.938458,0.222942,0.207016,0.0224835,5.303184,0.016763
Protein2,35,46,LYRLNKMKPVYE,,,10,1553.8508,State1,16.667002,1555.234465,0.332483,0.503023,0.0333755,5.305946,0.015873
Protein2,35,46,LYRLNKMKPVYE,,,10,1553.8508,State2,0,1554.731443,0.029112,0,0,5.271272,0.015531
Protein2,35,46,LYRLNKMKPVYE,,,10,1553.8508,State2,0.167,1554.774709,0.364662,0.043266,0.0365822,5.304012,0.002512
Protein2,35,46,LYRLNKMKPVYE,,,10,1553.8508,State2,16.667002,1555.050915,0.314906,0.319472,0.0316249,5.276398,0.005513
Protein2,35,51,LYRLNKMKPVYEKRDAY,,,15,2187.1743,State1,0,2188.427943,0.024864,0,0,4.878078,0.016793
Protein2,35,51,LYRLNKMKPVYEKRDAY,,,15,2187.1743,State1,0.167,2188.806433,0.007008,0.37849,0.0025833,4.910387,0.018908
Protein2,35,51,LYRLNKMKPVYEKRDAY,,,15,2187.1743,State1,16.667002,2189.185486,0.089151,0.757543,0.0092553,4.912407,0.014204
Protein2,35,51,LYRLNKMKPVYEKRDAY,,,15,2187.1743,State2,0,2188.427943,0.024864,0,0,4.878078,0.016793
Protein2,35,51,LYRLNKMKPVYEKRDAY,,,15,2187.1743,State2,0.167,2188.765299,0.008067,0.337356,0.002614,4.916448,0.004465
Protein2,35,51,LYRLNKMKPVYEKRDAY,,,15,2187.1743,State2,16.667002,2189.150933,0.051895,0.722991,0.0057544,4.897397,0.013622
Protein2,36,45,YRLNKMKPVY,,,8,1311.7242,State1,0,1312.458517,0.015191,0,0,5.003397,0.015845
Protein2,36,45,YRLNKMKPVY,,,8,1311.7242,State1,0.167,1312.653149,0.015242,0.194632,0.0021519,5.031427,0.020932
Protein2,36,45,YRLNKMKPVY,,,8,1311.7242,State1,16.667002,1312.847834,0.012328,0.389317,0.0019564,5.040951,0.017519
Protein2,36,45,YRLNKMKPVY,,,8,1311.7242,State2,0,1312.458517,0.015191,0,0,5.003397,0.015845
Protein2,36,45,YRLNKMKPVY,,,8,1311.7242,State2,0.167,1312.636524,0.011473,0.178007,0.0019037,5.055221,0.001784
Protein2,36,45,YRLNKMKPVY,,,8,1311.7242,State2,16.667002,1312.824163,0.02053,0.365646,0.0025539,5.02722,0.01333
Protein2,36,46,YRLNKMKPVYE,,,9,1440.7668,State1,0,1441.871707,0.033386,0,0,4.965442,0.014244
Protein2,36,46,YRLNKMKPVYE,,,9,1440.7668,State1,0.167,1441.971315,0.067966,0.099608,0.0075723,4.994051,0.022333
Protein2,36,46,YRLNKMKPVYE,,,9,1440.7668,State1,16.667002,1442.170417,0.074344,0.29871,0.0081496,4.99551,0.017366
Protein2,36,46,YRLNKMKPVYE,,,9,1440.7668,State2,0,1441.871707,0.033386,0,0,4.965442,0.014244
Protein2,36,46,YRLNKMKPVYE,,,9,1440.7668,State2,0.167,1441.83328,0.021786,-0.038427,0.0039865,5.008555,0.002607
Protein2,36,46,YRLNKMKPVYE,,,9,1440.7668,State2,16.667002,1442.099364,0.045561,0.227657,0.0056484,4.986535,0.010749
Protein2,36,50,YRLNKMKPVYEKRDA,,,13,1911.0269,State1,0,1912.151062,0.046663,0,0,4.350488,0.012514
Protein2,36,50,YRLNKMKPVYEKRDA,,,13,1911.0269,State1,0.167,1912.380622,0.059008,0.22956,0.0075229,4.378663,0.015164
Protein2,36,50,YRLNKMKPVYEKRDA,,,13,1911.0269,State1,16.667002,1912.793452,0.031621,0.642391,0.0056368,4.383906,0.012123
Protein2,36,50,YRLNKMKPVYEKRDA,,,13,1911.0269,State2,0,1912.151062,0.046663,0,0,4.350488,0.012514
Protein2,36,50,YRLNKMKPVYEKRDA,,,13,1911.0269,State2,0.167,1912.400576,0.02645,0.249515,0.0053638,4.369172,0.003869
Protein2,36,50,YRLNKMKPVYEKRDA,,,13,1911.0269,State2,16.667002,1912.637207,0.056573,0.486145,0.0073335,4.352999,0.009135
Protein2,36,51,YRLNKMKPVYEKRDAY,,,14,2074.0902,State1,0,2075.490634,0.036552,0,0,4.626053,0.006526
Protein2,36,51,YRLNKMKPVYEKRDAY,,,14,2074.0902,State1,0.167,2075.872019,0.069022,0.381385,0.0078104,4.64385,0.023247
Protein2,36,51,YRLNKMKPVYEKRDAY,,,14,2074.0902,State1,16.667002,2076.247966,0.041585,0.757332,0.0055366,4.651142,0.009175
Protein2,36,51,YRLNKMKPVYEKRDAY,,,14,2074.0902,State2,0,2075.490634,0.036552,0,0,4.626053,0.006526
Protein2,36,51,YRLNKMKPVYEKRDAY,,,14,2074.0902,State2,0.167,2075.839302,0.015352,0.348668,0.0039645,4.656293,0.002324
Protein2,36,51,YRLNKMKPVYEKRDAY,,,14,2074.0902,State2,16.667002,2076.18991,0.028197,0.699276,0.0046165,4.638749,0.008734
Protein2,36,54,YRLNKMKPVYEKRDAYIDE,,,17,2431.2438,State1,0,2432.646242,0.037948,0,0,4.922063,0.015688
Protein2,36,54,YRLNKMKPVYEKRDAYIDE,,,17,2431.2438,State1,0.167,2432.81341,0.036435,0.167168,0.0052608,4.949202,0.015587
Protein2,36,54,YRLNKMKPVYEKRDAYIDE,,,17,2431.2438,State1,16.667002,2433.222954,0.040567,0.576712,0.005555,4.956017,0.0108
Protein2,36,54,YRLNKMKPVYEKRDAYIDE,,,17,2431.2438,State2,0,2432.646242,0.037948,0,0,4.922063,0.015688
Protein2,36,54,YRLNKMKPVYEKRDAYIDE,,,17,2431.2438,State2,0.167,2432.839385,0.030398,0.193143,0.0048622,4.955759,0.00175
Protein2,36,54,YRLNKMKPVYEKRDAYIDE,,,17,2431.2438,State2,16.667002,2433.165944,0.042949,0.519702,0.0057312,4.938406,0.012708
Protein2,37,48,RLNKMKPVYEKR,,,10,1561.8995,State1,0,1562.524108,0.066601,0,0,5.320795,0.015535
Protein2,37,48,RLNKMKPVYEKR,,,10,1561.8995,State1,0.167,1566.325735,0.07283,3.801628,0.0098691,5.370088,0.004888
Protein2,37,48,RLNKMKPVYEKR,,,10,1561.8995,State2,0,1562.524108,0.066601,0,0,5.320795,0.015535
Protein2,37,48,RLNKMKPVYEKR,,,10,1561.8995,State2,0.167,1562.917803,0,0.393696,0.0066601,5.256633,0
Protein2,37,48,RLNKMKPVYEKR,,,10,1561.8995,State2,16.667002,1568.3684,0,5.844292,0.0066601,5.285755,0
Protein2,37,51,RLNKMKPVYEKRDAY,,,13,1911.0269,State1,0,1912.294586,0.043375,0,0,4.621529,0.012545
Protein2,37,51,RLNKMKPVYEKRDAY,,,13,1911.0269,State1,0.167,1912.427351,0.084049,0.132765,0.0094582,4.64461,0.017057
Protein2,37,51,RLNKMKPVYEKRDAY,,,13,1911.0269,State1,16.667002,1912.845673,0.032274,0.551087,0.0054065,4.651896,0.011051
Protein2,37,51,RLNKMKPVYEKRDAY,,,13,1911.0269,State2,0,1912.294586,0.043375,0,0,4.621529,0.012545
Protein2,37,51,RLNKMKPVYEKRDAY,,,13,1911.0269,State2,0.167,1912.557077,0.523559,0.262491,0.0525353,4.657384,0.00215
Protein2,37,51,RLNKMKPVYEKRDAY,,,13,1911.0269,State2,16.667002,1912.74597,0.025531,0.451384,0.0050331,4.639709,0.008674
Protein2,39,45,NKMKPVY,,,5,879.4757,State1,0,879.927846,0.025076,0,0,4.430747,0.005427
Protein2,39,45,NKMKPVY,,,5,879.4757,State1,0.167,880.025458,0.494037,0.097611,0.0494673,4.450423,0.009018
Protein2,39,45,NKMKPVY,,,5,879.4757,State1,16.667002,880.862712,1.008253,0.934866,0.1008565,4.451651,0.024662
Protein2,39,45,NKMKPVY,,,5,879.4757,State2,0,879.927846,0.025076,0,0,4.430747,0.005427
Protein2,39,45,NKMKPVY,,,5,879.4757,State2,0.167,881.198363,0.311786,1.270517,0.0312792,4.426938,0.003358
Protein2,39,45,NKMKPVY,,,5,879.4757,State2,16.667002,880.457055,0.731256,0.529209,0.0731686,4.453126,0.013656
Protein2,39,51,NKMKPVYEKRDAY,,,11,1641.8417,State1,0,1642.835566,0.029874,0,0,4.147001,0.010152
Protein2,39,51,NKMKPVYEKRDAY,,,11,1641.8417,State1,0.167,1643.126797,0.057998,0.291231,0.0065239,4.175501,0.015645
Protein2,39,51,NKMKPVYEKRDAY,,,11,1641.8417,State1,16.667002,1643.511615,0.029515,0.67605,0.0041995,4.183254,0.011287
Protein2,39,51,NKMKPVYEKRDAY,,,11,1641.8417,State2,0,1642.835566,0.029874,0,0,4.147001,0.010152
Protein2,39,51,NKMKPVYEKRDAY,,,11,1641.8417,State2,0.167,1643.07149,0.018976,0.235925,0.0035391,4.189794,0.00231
Protein2,39,51,NKMKPVYEKRDAY,,,11,1641.8417,State2,16.667002,1643.491751,0.02746,0.656186,0.0040577,4.172111,0.007096
Protein2,41,51,MKPVYEKRDAY,,,9,1399.7038,State1,0,1400.501172,0.034366,0,0,4.620059,0.014598
Protein2,41,51,MKPVYEKRDAY,,,9,1399.7038,State1,0.167,1400.669766,0.062351,0.168594,0.0071195,4.647047,0.015336
Protein2,41,51,MKPVYEKRDAY,,,9,1399.7038,State1,16.667002,1400.99034,0.053522,0.489167,0.0063605,4.651852,0.00961
Protein2,41,51,MKPVYEKRDAY,,,9,1399.7038,State2,0,1400.501172,0.034366,0,0,4.620059,0.014598
Protein2,41,51,MKPVYEKRDAY,,,9,1399.7038,State2,0.167,1400.665895,0.007863,0.164722,0.0035254,4.657675,0.00363
Protein2,41,51,MKPVYEKRDAY,,,9,1399.7038,State2,16.667002,1400.90403,0.031653,0.402858,0.0046722,4.638315,0.010013
Protein2,43,51,PVYEKRDAY,,,7,1140.5684,State1,0,1141.181141,0.009847,0,0,4.618728,0.013965
Protein2,43,51,PVYEKRDAY,,,7,1140.5684,State1,0.167,1141.337321,0.030101,0.156181,0.003167,4.646086,0.018224
Protein2,43,51,PVYEKRDAY,,,7,1140.5684,State1,16.667002,1141.595774,0.027432,0.414634,0.0029145,4.648984,0.013789
Protein2,43,51,PVYEKRDAY,,,7,1140.5684,State2,0,1141.181141,0.009847,0,0,4.618728,0.013965
Protein2,43,51,PVYEKRDAY,,,7,1140.5684,State2,0.167,1141.28283,0.049554,0.101689,0.0050522,4.654738,0.003431
Protein2,43,51,PVYEKRDAY,,,7,1140.5684,State2,16.667002,1141.504519,0.010261,0.323379,0.0014222,4.639322,0.008433
Protein2,46,54,EKRDAYIDE,,,8,1138.5375,State1,0,1138.951993,0.059522,0,0,4.590924,0.009923
Protein2,46,54,EKRDAYIDE,,,8,1138.5375,State1,0.167,1139.164481,0.106329,0.212488,0.0121855,4.616876,0.016552
Protein2,46,54,EKRDAYIDE,,,8,1138.5375,State1,16.667002,1139.319993,0.021749,0.368,0.0063371,4.621415,0.013554
Protein2,46,54,EKRDAYIDE,,,8,1138.5375,State2,0,1138.951993,0.059522,0,0,4.590924,0.009923
Protein2,46,54,EKRDAYIDE,,,8,1138.5375,State2,0.167,1139.104377,0.075547,0.152384,0.0096177,4.628313,0.001786
Protein2,46,54,EKRDAYIDE,,,8,1138.5375,State2,16.667002,1139.309276,0.015809,0.357283,0.0061585,4.611566,0.011175
Protein2,58,65,FWKIVLSQ,,,7,1020.5877,State1,0,1021.299216,0.049516,0,0,6.855921,0.019489
Protein2,58,65,FWKIVLSQ,,,7,1020.5877,State1,0.167,1021.332962,0.017604,0.033746,0.0052552,6.892144,0.025628
Protein2,58,65,FWKIVLSQ,,,7,1020.5877,State1,16.667002,1021.794503,0.013301,0.495286,0.0051271,6.899311,0.020665
Protein2,58,65,FWKIVLSQ,,,7,1020.5877,State2,0,1021.299216,0.049516,0,0,6.855921,0.019489
Protein2,58,65,FWKIVLSQ,,,7,1020.5877,State2,0.167,1021.351231,0.026908,0.052015,0.0056355,6.914185,0.000537
Protein2,58,65,FWKIVLSQ,,,7,1020.5877,State2,16.667002,1021.748301,0.024904,0.449084,0.0055426,6.886496,0.017718
