H32_XENLA,H32_XENLA_MaxUptake,H32_XENLA_H3H4 dm Pulse_10,H32_XENLA_H3H4 dm Pulse_10_SD,H32_XENLA_H3H4dm_10,H32_XENLA_H3H4dm_10_SD,H32_XENLA_H3H4dm_100,H32_XENLA_H3H4dm_100_SD,H32_XENLA_H3H4dm_1000,H32_XENLA_H3H4dm_1000_SD,H32_XENLA_H3H4dm_10000,H32_XENLA_H3H4dm_10000_SD,H32_XENLA_H3H4dm_100000,H32_XENLA_H3H4dm_100000_SD,H32_XENLA_RV-H3H4dm_10,H32_XENLA_RV-H3H4dm_10_SD,H32_XENLA_RV-H3H4dm_100,H32_XENLA_RV-H3H4dm_100_SD,H32_XENLA_RV-H3H4dm_1000,H32_XENLA_RV-H3H4dm_1000_SD,H32_XENLA_RV-H3H4dm_10000,H32_XENLA_RV-H3H4dm_10000_SD,H32_XENLA_RV-H3H4dm_100000,H32_XENLA_RV-H3H4dm_100000_SD,H32_XENLA_Vps-H3H4dm_10,H32_XENLA_Vps-H3H4dm_10_SD,H32_XENLA_Vps-H3H4dm_100,H32_XENLA_Vps-H3H4dm_100_SD,H32_XENLA_Vps-H3H4dm_1000,H32_XENLA_Vps-H3H4dm_1000_SD,H32_XENLA_Vps-H3H4dm_10000,H32_XENLA_Vps-H3H4dm_10000_SD,H32_XENLA_Vps-H3H4dm_100000,H32_XENLA_Vps-H3H4dm_100000_SD,H32_XENLA_Vps-H3H4dm Pulse_10,H32_XENLA_Vps-H3H4dm Pulse_10_SD,H32_XENLA_RV-H3H4dm Pulse_10,H32_XENLA_RV-H3H4dm Pulse_10_SD,H4_XENLA,H4_XENLA_MaxUptake,H4_XENLA_H3H4 dm Pulse_10,H4_XENLA_H3H4 dm Pulse_10_SD,H4_XENLA_H3H4dm_10,H4_XENLA_H3H4dm_10_SD,H4_XENLA_H3H4dm_100,H4_XENLA_H3H4dm_100_SD,H4_XENLA_H3H4dm_1000,H4_XENLA_H3H4dm_1000_SD,H4_XENLA_H3H4dm_10000,H4_XENLA_H3H4dm_10000_SD,H4_XENLA_H3H4dm_100000,H4_XENLA_H3H4dm_100000_SD,H4_XENLA_RV-H3H4dm_10,H4_XENLA_RV-H3H4dm_10_SD,H4_XENLA_RV-H3H4dm_100,H4_XENLA_RV-H3H4dm_100_SD,H4_XENLA_RV-H3H4dm_1000,H4_XENLA_RV-H3H4dm_1000_SD,H4_XENLA_RV-H3H4dm_10000,H4_XENLA_RV-H3H4dm_10000_SD,H4_XENLA_RV-H3H4dm_100000,H4_XENLA_RV-H3H4dm_100000_SD,H4_XENLA_RV-H3H4dm Pulse_10,H4_XENLA_RV-H3H4dm Pulse_10_SD,H4_XENLA_Vps-H3H4dm_10,H4_XENLA_Vps-H3H4dm_10_SD,H4_XENLA_Vps-H3H4dm_100,H4_XENLA_Vps-H3H4dm_100_SD,H4_XENLA_Vps-H3H4dm_1000,H4_XENLA_Vps-H3H4dm_1000_SD,H4_XENLA_Vps-H3H4dm_10000,H4_XENLA_Vps-H3H4dm_10000_SD,H4_XENLA_Vps-H3H4dm_100000,H4_XENLA_Vps-H3H4dm_100000_SD,H4_XENLA_Vps-H3H4dm Pulse_10,H4_XENLA_Vps-H3H4dm Pulse_10_SD
1-22,20.000000,11.405542,0.148739,11.255846,0.062318,11.754020,0.134667,11.368542,0.089353,11.287829,0.095589,11.326312,0.160076,12.206143,0.171939,12.211510,0.040486,11.582817,0.242524,11.118724,0.040486,11.456779,0.130518,11.848931,0.386983,11.843596,0.109878,11.679680,0.129603,11.504122,0.191907,11.528048,0.185034,11.780891,0.062680,,,2-13,11.000000,3.500097,0.040496,4.189351,0.088340,4.281110,0.051367,4.253001,0.047187,4.257521,0.078126,4.353332,0.051817,4.301418,0.203523,4.257238,0.111255,4.156841,0.038730,4.355613,0.061474,4.410595,0.065409,4.301422,0.132935,4.403535,0.049936,4.437970,0.059347,4.398025,0.028423,4.359305,0.046621,4.357069,0.055340,4.272958,0.089935
1-47,42.000000,19.172483,0.268061,20.355897,0.542138,20.363671,0.294304,20.056049,0.445286,20.532844,0.288778,20.257112,0.147170,21.136241,0.530371,20.144978,0.471955,20.948434,0.589359,19.895915,0.656125,20.716572,0.509428,20.941819,0.173137,20.778681,0.396304,20.757428,0.221456,20.072338,0.303662,19.867399,0.229776,20.523187,0.069200,20.224954,0.330893,16-37,20.000000,11.884096,0.216421,14.126671,0.151875,14.184897,0.055036,13.960455,0.293677,14.318200,0.120725,14.169235,0.059589,14.298647,0.082856,14.304452,0.046905,14.308470,0.116482,14.201485,0.101268,14.031057,0.147152,13.979140,0.177192,14.426771,0.088748,14.591703,0.230857,14.399077,0.300132,14.147509,0.187049,14.412502,0.081053,14.270023,0.102147
1-48,43.000000,18.973185,0.282162,20.401613,0.667464,20.287724,0.084813,20.103845,0.434888,20.410710,0.136269,20.080045,0.288455,20.533252,0.544666,19.834801,0.231112,20.258586,0.093416,19.958431,0.135247,19.386608,0.157565,21.407131,0.373956,21.090786,0.312094,21.041883,0.318886,20.157988,0.176959,20.035626,0.426257,20.767865,0.237686,19.097374,0.090956,26-52,25.000000,12.876609,0.732075,16.358756,0.156355,16.864245,0.242351,16.754487,0.374316,16.755266,0.143481,16.500304,0.075184,16.544706,0.480491,16.530910,0.380741,16.199275,0.081156,16.209949,0.168253,15.708413,0.191928,15.757894,0.430253,16.375011,0.113778,16.771977,0.217332,17.378488,0.073109,16.905726,0.233818,16.807488,0.301229,16.005341,0.344527
8-37,27.000000,12.200930,0.328259,12.626329,0.211404,12.445239,0.156154,12.472875,0.271718,12.021204,0.694366,12.617275,0.028602,13.149777,0.066176,12.166370,0.099082,12.350240,0.028168,12.822014,0.028168,13.359645,0.032670,12.074005,0.149423,12.780463,0.175126,12.857753,0.052596,12.483920,0.278152,12.643932,0.437543,12.166772,0.178165,11.953459,0.289662,27-49,21.000000,11.871285,0.155517,13.837768,0.142240,14.300846,0.303573,13.951074,0.096508,14.138884,0.116563,14.302118,0.408496,14.294467,0.216724,14.414229,0.276037,14.137120,0.151888,14.353112,0.159553,13.811958,0.137664,14.122783,0.393282,14.462283,0.247504,14.421066,0.072049,14.470171,0.114540,14.277666,0.198165,14.313641,0.175439,14.325077,0.135299
23-47,21.000000,10.139764,0.088985,10.776005,0.274254,10.826189,0.232322,11.048980,0.249244,11.486162,0.276437,10.997234,0.117180,11.473320,0.126738,11.370701,0.075533,11.596491,0.097695,11.390360,0.287867,11.442245,0.273546,11.493239,0.103157,11.187689,0.272803,11.526266,0.154134,11.422079,0.140906,11.352200,0.140384,11.251487,0.349555,11.171481,0.088782,27-50,22.000000,11.553792,0.300636,14.082571,0.302785,14.186186,0.091063,14.185594,0.230354,14.127694,0.212645,14.178040,0.160877,14.497578,0.185753,14.405926,0.318324,14.060720,0.043959,14.315326,0.022304,14.381072,0.022304,13.724674,0.058929,14.757617,0.230039,14.776848,0.105232,14.751895,0.043183,14.324232,0.212403,14.447279,0.142164,14.678201,0.185792
25-48,20.000000,8.583090,0.107416,9.689778,0.161435,9.961455,0.122403,10.213173,0.168893,10.118976,0.196063,9.945375,0.094383,10.299878,0.123937,10.044710,0.140015,10.303276,0.070677,10.032118,0.154064,10.077634,0.077463,10.471975,0.210033,10.133363,0.046352,10.624518,0.117121,10.127789,0.315200,10.252808,0.128841,10.314940,0.215245,10.029593,0.187774,29-50,20.000000,11.599569,0.196698,13.671134,0.217142,13.855698,0.115596,13.721376,0.301258,13.755659,0.162561,13.612812,0.099413,13.888185,0.033075,13.962166,0.233120,13.850989,0.216455,13.779057,0.197116,13.477478,0.083352,13.681183,0.308373,14.169923,0.194034,14.136733,0.031591,14.082102,0.188477,13.914984,0.089158,13.765285,0.151753,13.931455,0.042911
32-47,13.000000,6.805753,0.213404,7.488417,0.083496,7.652074,0.091166,7.547903,0.195286,7.907883,0.087114,7.561900,0.100260,7.847851,0.318404,7.655418,0.099519,7.862175,0.228190,7.822444,0.253693,7.902499,0.162281,7.743806,0.217541,7.787351,0.137144,7.772191,0.051900,7.734250,0.208841,7.489959,0.039971,7.702520,0.144262,7.736532,0.056290,30-50,19.000000,10.664248,0.109630,12.844815,0.314201,13.087324,0.298996,12.878426,0.122151,13.067838,0.281416,13.153608,0.195640,13.000270,0.083157,13.129630,0.244382,13.015775,0.107239,13.300563,0.172321,13.069203,0.227496,13.299364,0.150990,13.150679,0.138636,13.111851,0.091046,13.120907,0.240724,13.064172,0.437329,12.905870,0.053378,13.160795,0.115304
33-47,12.000000,6.171886,0.064334,6.946025,0.166584,6.849307,0.099507,6.915592,0.110373,7.004826,0.166201,7.019326,0.186293,7.133389,0.275182,7.190881,0.050152,7.177185,0.219747,7.080809,0.190769,7.169627,0.199979,7.236320,0.114936,7.118332,0.082755,7.108623,0.184906,7.120869,0.215363,7.022472,0.281729,7.065924,0.073249,7.084893,0.103353,31-50,18.000000,8.765225,0.116965,10.780706,0.109163,11.002360,0.120149,10.884947,0.109241,11.080473,0.125256,10.935498,0.100745,11.199650,0.147522,11.146397,0.252443,11.148283,0.060621,11.070419,0.201592,10.883872,0.196504,10.784703,0.244021,11.228954,0.118782,11.243763,0.204331,10.973624,0.134413,10.924484,0.225018,10.728358,0.175387,11.126284,0.152853
33-48,13.000000,6.434434,0.155742,7.295256,0.090492,7.679984,0.095637,7.473229,0.125702,7.934585,0.067191,7.604492,0.144825,7.687415,0.201674,7.794960,0.186359,7.617478,0.202511,7.522349,0.194869,7.486835,0.123124,7.905879,0.148543,7.842269,0.221401,7.846586,0.188344,7.575983,0.306483,7.540819,0.097859,7.876160,0.089244,7.450116,0.275501,33-50,16.000000,7.258410,0.205228,10.080074,0.115214,10.037962,0.142078,9.938706,0.283813,9.910572,0.257532,9.823903,0.238700,10.246229,0.137932,10.223477,0.122829,10.119671,0.106543,9.970839,0.104897,9.790904,0.181979,10.053629,0.179140,10.064969,0.209329,10.302570,0.208800,10.352346,0.129692,10.082247,0.256299,10.321867,0.136299,10.222672,0.295772
49-59,10.000000,5.618342,0.151238,6.051672,0.110352,6.095651,0.107309,6.010231,0.131608,5.974770,0.104130,5.641193,0.143803,5.813239,0.122424,5.628266,0.151426,5.690209,0.128591,5.521244,0.104103,5.569832,0.125404,6.068517,0.129085,6.162995,0.113259,6.145964,0.106214,5.879525,0.210084,5.968502,0.146920,6.130625,0.110210,5.489923,0.100734,50-59,9.000000,0.927425,0.181681,3.210097,0.189293,5.496832,0.102330,5.553318,0.069152,5.654241,0.096899,5.464968,0.086497,3.357144,0.111836,5.401722,0.028849,5.593388,0.072277,5.779849,0.075234,5.785185,0.034035,3.401127,0.037555,1.776346,0.091352,2.590322,0.125115,5.295428,0.131586,5.623745,0.145784,5.505626,0.172120,1.957727,0.170874
49-61,12.000000,6.409013,0.135405,6.867449,0.106524,6.958245,0.095125,6.899217,0.112223,6.913092,0.067754,6.751241,0.105697,6.250424,0.085584,6.333149,0.146723,6.456205,0.065396,6.224651,0.109994,6.465073,0.129098,6.637848,0.103085,6.936664,0.070257,6.909163,0.080944,6.634855,0.214506,6.780740,0.079148,6.583672,0.117018,6.103489,0.073112,51-61,10.000000,0.806861,0.061864,2.525640,0.055519,5.871215,0.058345,6.120001,0.070237,6.117943,0.049199,6.016312,0.052288,2.497986,0.100534,4.501162,0.055637,6.173798,0.097597,6.163879,0.041349,6.205735,0.041991,2.115666,0.035425,1.197178,0.031032,2.348759,0.058816,5.301343,0.106182,6.060907,0.032487,6.053482,0.040509,1.439175,0.057636
49-62,13.000000,7.052551,0.126979,7.785441,0.098506,7.765677,0.086605,7.809627,0.243620,7.725587,0.101056,7.755794,0.129362,7.171275,0.197720,7.211315,0.090211,7.392345,0.126488,7.207945,0.109675,7.395699,0.093681,7.544552,0.079080,7.824183,0.049069,7.744269,0.060834,7.488909,0.143673,7.579668,0.086626,7.468097,0.086560,7.056711,0.024153,52-59,7.000000,0.748513,0.068676,2.290065,0.062150,4.018492,0.082713,4.111385,0.029308,4.123317,0.061883,4.046700,0.032802,2.138597,0.091599,3.871695,0.094554,4.250431,0.069975,4.218655,0.029262,4.349321,0.073831,2.202901,0.024857,0.996254,0.125713,2.092050,0.076610,3.964343,0.169886,4.048982,0.157129,4.345733,0.033313,1.485767,0.087546
51-59,8.000000,1.900274,0.148594,4.569280,0.086039,4.574714,0.118634,4.546497,0.132020,4.513766,0.073965,4.435349,0.086480,4.533893,0.073796,4.425686,0.071936,4.434057,0.062251,4.424488,0.076260,4.428723,0.064872,4.826965,0.073123,4.798012,0.062900,4.776214,0.083423,4.562745,0.088743,4.664715,0.088940,4.700621,0.090181,4.410145,0.059171,60-66,6.000000,0.726085,0.030274,0.580015,0.127768,2.470288,0.032270,3.196629,0.051546,3.279204,0.032579,3.288622,0.025129,-0.020497,0.022969,0.866663,0.022776,3.225958,0.157088,3.516667,0.125964,3.561279,0.029360,0.010766,0.052221,-0.069156,0.058432,0.243026,0.028341,2.004328,0.079408,3.307263,0.197260,3.321466,0.017910,-0.041052,0.019491
51-60,9.000000,1.859362,0.052705,5.129252,0.063678,5.233393,0.082093,5.143834,0.064463,5.119861,0.013765,5.101210,0.043860,4.802559,0.051778,4.732587,0.146021,4.789133,0.081009,4.839505,0.034405,4.933497,0.095012,5.130067,0.060615,5.212485,0.027338,5.201531,0.041018,5.065988,0.145771,5.166870,0.016172,5.039422,0.069571,4.551731,0.018848,62-69,7.000000,1.945683,0.078577,0.851381,0.052802,3.406233,0.028626,4.229202,0.035023,4.314156,0.049430,4.295467,0.016011,0.187558,0.034428,1.275626,0.111368,4.344798,0.147218,4.602661,0.075480,4.563104,0.056612,0.281487,0.025986,0.157974,0.028104,0.539275,0.022966,2.939105,0.071153,4.438429,0.228138,4.344012,0.033746,0.173390,0.017268
51-61,10.000000,1.998693,0.102266,5.452015,0.077122,5.563868,0.074841,5.533889,0.063910,5.489988,0.035246,5.462153,0.066059,5.071007,0.139892,5.222516,0.085906,5.328969,0.047468,5.107551,0.115243,5.461961,0.051585,5.307254,0.055651,5.550861,0.074349,5.561329,0.052384,5.441401,0.071695,5.527785,0.029170,5.253318,0.054529,4.795607,0.066142,65-72,7.000000,2.948794,0.033732,1.053805,0.005346,4.083256,0.044589,4.932661,0.015540,4.987343,0.018555,4.973408,0.032414,0.315826,0.026709,1.721224,0.022299,4.898033,0.033683,5.020580,0.022551,5.036123,0.025383,0.386310,0.020122,0.222895,0.009200,1.013031,0.040685,3.670147,0.069990,5.007369,0.032200,5.051952,0.013213,0.250127,0.027287
53-62,9.000000,4.028073,0.069381,4.813249,0.081013,4.849168,0.066526,4.842469,0.054609,4.861680,0.073317,4.931004,0.039772,4.973698,0.162742,4.764444,0.063837,4.823661,0.098537,4.703551,0.135115,5.000310,0.093109,4.822944,0.055014,4.876243,0.072118,4.883319,0.074681,4.834621,0.047676,4.859019,0.050392,4.742554,0.053900,4.888132,0.097155,66-72,6.000000,2.149485,0.035483,0.965790,0.040741,2.873057,0.033704,3.490511,0.041672,3.571724,0.046808,3.557781,0.031633,0.227828,0.030523,1.353992,0.039103,3.430201,0.034606,3.528664,0.036239,3.556702,0.028762,0.283300,0.043319,0.130832,0.035677,0.764987,0.034793,2.589044,0.032760,3.563096,0.027464,3.562598,0.034366,0.191308,0.028590
60-70,9.000000,3.297178,0.066832,3.928814,0.063905,5.038213,0.030724,5.233199,0.071511,5.333299,0.074974,5.353777,0.049154,3.293897,0.093215,4.900287,0.084318,5.341597,0.107086,5.380456,0.060583,5.372378,0.042041,3.110969,0.075472,4.786075,0.045248,5.461836,0.035139,5.406343,0.070251,5.381457,0.065490,3.212019,0.176344,3.236801,0.069863,66-85,19.000000,5.545890,0.340671,4.962382,0.232911,9.983488,0.232670,10.097240,0.364411,10.358109,0.292457,10.363707,0.356758,4.308519,0.203515,6.992950,0.085706,10.309920,0.152376,10.561608,0.126903,10.507006,0.090727,4.447463,0.091754,3.436915,0.100634,6.095364,0.103249,9.040008,0.045885,10.296902,0.336048,10.017152,0.268875,3.740561,0.133919
61-70,8.000000,3.578070,0.063919,4.183332,0.075892,5.257897,0.042250,5.435814,0.062615,5.583868,0.061269,5.564294,0.048487,3.558071,0.146693,5.129018,0.070700,5.559378,0.111120,5.596512,0.061835,5.587285,0.036870,3.349830,0.038276,4.934215,0.045504,5.623520,0.052426,5.561424,0.074718,5.500409,0.062526,3.502752,0.132426,3.534565,0.046586,70-83,13.000000,4.315332,0.233221,4.234200,0.141285,6.759466,0.017661,7.264934,0.186322,7.263033,0.042379,7.380390,0.112329,3.250987,0.076682,5.217006,0.016244,6.778743,0.171456,6.664294,0.101031,6.861128,0.051147,3.093049,0.063998,2.624667,0.047569,5.279664,0.112892,6.654391,0.053603,7.051862,0.187477,7.329725,0.016244,2.893885,0.108962
62-70,7.000000,3.359179,0.059280,3.981195,0.065425,5.016791,0.069170,5.212704,0.033467,5.270117,0.067499,5.276607,0.070448,3.380762,0.099054,4.796167,0.079632,5.228694,0.073327,5.295250,0.052027,5.282461,0.023339,3.142745,0.026880,4.686067,0.051048,5.402969,0.039041,5.280382,0.049968,5.253745,0.032825,3.283698,0.136306,3.256763,0.048166,70-85,15.000000,3.796607,0.084262,4.610423,0.138422,6.875177,0.078849,7.190009,0.077131,7.258921,0.117443,7.457704,0.144745,3.986635,0.100851,5.841788,0.154907,7.081177,0.099587,7.056940,0.148485,7.341250,0.140150,3.789368,0.068137,3.271376,0.085738,5.579514,0.083881,6.842518,0.059604,7.343668,0.110070,7.503215,0.066054,3.538368,0.121746
71-77,6.000000,1.809722,0.039429,0.744605,0.045536,2.456212,0.035981,3.150121,0.039737,3.187386,0.042014,3.190017,0.069538,0.073158,0.042027,1.328289,0.038300,3.165915,0.045747,3.227742,0.044500,3.218170,0.035763,0.095900,0.039389,0.984236,0.037351,2.831360,0.033901,3.196458,0.045650,3.212269,0.050341,0.167718,0.040557,0.196975,0.046177,71-85,14.000000,4.252360,0.077669,4.957395,0.077390,7.350157,0.125267,7.635228,0.072960,7.704476,0.080129,7.771435,0.084960,4.425068,0.092652,6.197626,0.142547,7.470474,0.076571,7.395560,0.181593,7.696754,0.077225,4.192870,0.043961,3.640805,0.103581,5.927118,0.044882,7.130269,0.048568,7.542196,0.071774,7.656393,0.100641,3.897321,0.098457
71-78,7.000000,2.617499,0.054208,1.091388,0.069276,3.416136,0.055277,4.017609,0.078431,4.034903,0.044582,4.096032,0.056574,0.441201,0.059660,2.233739,0.062090,4.062010,0.115989,4.109139,0.045057,4.122608,0.022766,0.405047,0.017252,1.752786,0.048413,3.597326,0.054972,4.019719,0.121639,3.932820,0.030646,0.447930,0.015295,0.577132,0.040814,72-86,14.000000,4.316007,0.129659,5.002876,0.074068,7.704147,0.076764,8.147350,0.115022,8.241871,0.053846,8.251080,0.168802,4.349431,0.049971,6.241226,0.169714,7.893983,0.027626,7.893556,0.200359,8.244920,0.114341,4.130024,0.063064,3.608113,0.037226,5.858309,0.051715,7.444698,0.081209,8.096081,0.065070,8.214643,0.012851,3.882998,0.055746
74-82,8.000000,3.307303,0.037066,2.907716,0.051863,4.296483,0.028324,4.415456,0.071580,4.422874,0.064773,4.345899,0.049436,2.610925,0.115593,4.177036,0.148434,4.585321,0.184391,4.645043,0.058500,4.669412,0.067329,2.482553,0.030120,3.815547,0.032432,4.299229,0.023729,4.541142,0.216540,4.359821,0.093132,2.524528,0.048170,2.713406,0.032836,72-87,15.000000,4.334641,0.072339,5.080254,0.095199,7.586409,0.079072,7.883068,0.071735,7.883269,0.073646,8.009748,0.108029,4.359168,0.062932,6.270840,0.160145,7.680614,0.051296,7.535657,0.141215,7.856889,0.098276,4.180850,0.043572,3.767575,0.059458,6.059826,0.061550,7.363169,0.072315,7.861043,0.139155,7.942852,0.059849,3.987545,0.087428
74-84,10.000000,4.504104,0.138130,3.855042,0.210804,5.693304,0.109187,5.927068,0.130714,5.654266,0.108396,5.681831,0.062910,3.635215,0.025872,5.567107,0.147890,6.093564,0.082092,6.086584,0.119291,5.984119,0.057499,3.529749,0.025872,5.281942,0.135915,5.608915,0.054210,5.885654,0.098157,5.460076,0.059283,3.378240,0.108580,3.675149,0.080017,73-83,10.000000,2.929762,0.113215,3.043889,0.105346,4.540235,0.134029,4.852293,0.122343,4.924887,0.075788,4.921159,0.092614,2.363900,0.089275,3.413497,0.153981,4.537053,0.134846,4.485327,0.087109,4.640258,0.068992,2.168352,0.072639,2.048131,0.066117,3.518493,0.092111,4.446257,0.067706,4.787970,0.125201,4.989639,0.107531,2.228791,0.102070
75-82,7.000000,3.135014,0.167306,2.659710,0.070382,3.948274,0.028375,3.996080,0.047709,4.033464,0.039207,3.942997,0.072297,2.269088,0.065787,3.930095,0.167343,4.159129,0.123109,4.290116,0.036695,4.271916,0.041807,2.385794,0.020745,3.475967,0.091671,3.923809,0.106770,3.904844,0.018515,3.889970,0.084828,2.330106,0.054673,2.498271,0.040343,73-84,11.000000,3.097128,0.163260,3.656922,0.075736,5.170931,0.087081,5.461305,0.073869,5.479400,0.047586,5.540362,0.087789,3.040314,0.052921,4.043589,0.160889,5.149030,0.056591,5.082303,0.076650,5.240470,0.054213,2.803868,0.047057,2.747803,0.068477,4.141219,0.077241,5.061657,0.047806,5.446771,0.122207,5.565119,0.083945,2.893683,0.118963
77-84,7.000000,3.571385,0.025696,3.529966,0.037952,4.461471,0.058739,4.470600,0.090203,4.408184,0.038449,4.446129,0.040391,3.211454,0.084448,4.489797,0.025908,4.488843,0.025907,4.438134,0.035323,4.462301,0.040032,3.099563,0.121119,4.250787,0.026026,4.434814,0.031712,4.279307,0.066411,4.326350,0.069308,3.167307,0.043156,3.278340,0.058256,73-85,12.000000,3.803473,0.068464,4.438674,0.114523,6.608605,0.039569,6.833983,0.035027,6.926645,0.026508,7.028431,0.191812,3.993851,0.133054,5.497029,0.197841,6.698621,0.110490,6.623782,0.161721,6.912521,0.089016,3.686258,0.050990,3.268168,0.075263,5.266687,0.081222,6.448580,0.098765,6.920738,0.119910,7.000966,0.073484,3.553277,0.139233
78-84,6.000000,2.491368,0.077714,2.323358,0.027651,3.139568,0.033952,3.129204,0.034576,3.167774,0.021594,3.129555,0.023018,2.167767,0.080538,3.284433,0.108205,3.282378,0.089988,3.330301,0.046651,3.318592,0.045008,1.957443,0.037753,2.936794,0.033514,3.216721,0.023036,3.215361,0.090487,3.183695,0.031480,2.009495,0.059515,2.218242,0.020943,73-86,13.000000,3.048373,0.226096,4.063170,0.153606,5.828937,0.131856,6.242406,0.152721,6.285206,0.139696,6.441862,0.160723,3.497450,0.127937,4.373005,0.217932,5.974979,0.153182,5.913339,0.146510,6.104980,0.164162,3.178329,0.121337,3.080508,0.127452,4.532317,0.130136,5.706264,0.123089,6.280877,0.231393,6.521879,0.149620,3.264095,0.151786
83-90,7.000000,2.458235,0.059738,1.764160,0.076975,3.508929,0.044884,4.010253,0.058224,4.071276,0.047990,4.022772,0.061145,1.003350,0.053715,2.324489,0.064605,4.167870,0.080219,4.015072,0.048244,4.038198,0.108951,1.096706,0.045364,1.687826,0.071816,3.538417,0.057282,4.102465,0.051956,4.143023,0.051277,1.143494,0.074383,0.953886,0.052221,75-85,10.000000,2.582832,0.159075,3.343128,0.106957,5.062006,0.094301,5.225535,0.044110,5.376872,0.073750,5.495544,0.053060,3.104226,0.142233,3.852821,0.041605,4.828063,0.096421,4.699178,0.042337,5.080151,0.070906,2.732924,0.069743,2.748716,0.047102,4.070056,0.143694,4.938059,0.068525,5.117915,0.093773,5.399937,0.065207,2.735834,0.160345
83-91,8.000000,4.008844,0.083383,2.162898,0.020981,4.592775,0.062186,5.232072,0.037013,5.298321,0.077268,5.258351,0.051438,1.581005,0.026148,3.224293,0.038292,5.162922,0.084558,5.100038,0.038280,5.223000,0.064645,1.405923,0.046894,2.426115,0.041243,4.749626,0.048921,5.181441,0.128766,5.202846,0.034320,1.555828,0.061371,1.548406,0.018559,75-86,11.000000,3.430173,0.107532,4.030368,0.153365,6.047125,0.036897,6.464837,0.062135,6.606869,0.023227,6.695446,0.052757,3.765489,0.120494,5.011772,0.143597,6.308501,0.189871,6.327883,0.159549,6.481557,0.136703,3.351161,0.078555,3.167798,0.020512,4.787231,0.087498,6.047603,0.176914,6.473091,0.182467,6.677601,0.034797,3.330144,0.117089
90-97,7.000000,2.181150,0.065219,0.735753,0.048974,3.274233,0.013228,4.451160,0.045151,4.457480,0.038727,4.403214,0.016985,0.132755,0.033466,1.002376,0.024520,4.607895,0.088409,4.650590,0.023375,4.699666,0.033849,0.137990,0.035167,0.463746,0.027580,3.099974,0.012271,4.578770,0.132152,4.501449,0.021359,0.180305,0.014429,0.145272,0.015176,76-87,11.000000,2.852821,0.106969,3.850981,0.090564,5.191663,0.110545,5.337931,0.085408,5.444680,0.018977,5.489704,0.079941,3.341719,0.077256,3.988155,0.011230,5.130360,0.138063,5.102389,0.093090,5.176178,0.101776,3.054620,0.018825,3.019096,0.025971,4.216926,0.034863,5.060771,0.029496,5.372265,0.089371,5.413656,0.018036,3.087379,0.075588
91-98,7.000000,2.027403,0.043329,0.707545,0.060214,3.053429,0.046637,4.033752,0.055652,4.076799,0.053132,4.112103,0.050027,-0.001079,0.062244,0.973419,0.059734,4.043777,0.046486,4.079578,0.082888,4.199459,0.047719,0.001930,0.041818,0.341979,0.068782,2.969250,0.063234,4.215797,0.048201,4.232941,0.047685,0.003376,0.047464,0.016119,0.074643,77-85,8.000000,2.347802,0.056250,2.559022,0.074311,4.015429,0.066447,4.104431,0.130452,4.135506,0.152822,4.241402,0.174427,2.437201,0.075515,3.218969,0.039717,4.118069,0.101523,3.993318,0.124104,4.066593,0.181251,2.362785,0.076883,2.190453,0.098566,3.234205,0.048738,4.039158,0.179202,3.998428,0.065204,4.382319,0.039717,2.359817,0.061936
110-120,10.000000,4.370116,0.075310,5.614748,0.092415,5.660154,0.069187,5.595962,0.070788,5.648373,0.083611,5.776079,0.065831,5.584354,0.056659,5.456752,0.113515,5.453940,0.056908,5.353332,0.112157,5.598728,0.120656,5.657489,0.066385,5.739630,0.077637,5.698823,0.052178,5.630625,0.089632,5.725865,0.063687,5.629735,0.054700,5.311580,0.055333,77-88,11.000000,2.096301,0.144617,5.942063,0.100409,5.874696,0.093857,5.724480,0.193755,5.668587,0.073893,5.658188,0.084154,5.572602,0.253843,5.056496,0.317911,5.101897,0.270617,4.834234,0.071700,4.844898,0.071694,5.216317,0.077661,5.872248,0.112339,5.911405,0.163810,5.904040,0.094841,5.759676,0.090902,5.803811,0.188252,5.986508,0.079631
110-123,12.000000,5.555684,0.054376,6.604402,0.101189,6.696019,0.076741,6.525597,0.125686,6.667822,0.073836,6.777956,0.037862,6.640075,0.075492,6.546025,0.104554,6.552820,0.051973,6.335450,0.217150,6.565013,0.121538,6.606852,0.105618,6.590389,0.035985,6.383493,0.042732,6.259964,0.078275,6.346450,0.034393,6.533477,0.044664,6.401547,0.052338,87-103,16.000000,4.798581,0.110311,7.965789,0.196757,9.506909,0.109264,9.675623,0.146921,10.299039,0.256440,10.306827,0.061452,7.096921,0.234830,7.925040,0.102152,10.036564,0.199088,10.151462,0.085386,10.168954,0.072234,6.992043,0.073140,7.008802,0.073219,7.608646,0.195454,9.113690,0.177803,10.198565,0.218364,9.863912,0.050350,6.958835,0.032713
110-125,14.000000,6.341132,0.126496,7.363891,0.137842,7.506516,0.115570,7.455978,0.103759,7.506574,0.105600,7.641616,0.119994,7.598400,0.211908,7.485105,0.095617,7.610110,0.192205,7.508797,0.192837,7.828515,0.102954,7.562901,0.108757,7.659784,0.104082,7.576920,0.097779,7.545033,0.099632,7.626506,0.099781,7.471196,0.103461,7.514028,0.128227,88-103,15.000000,6.781949,0.095259,8.383375,0.120789,9.881645,0.052584,10.513010,0.204200,10.380328,0.136383,10.539900,0.104362,7.771048,0.140471,8.607298,0.090731,10.297443,0.224590,10.360418,0.133450,10.396293,0.183821,8.105284,0.057477,7.610973,0.080960,8.422501,0.034845,9.776769,0.101237,10.257538,0.166198,10.155786,0.073324,7.678604,0.142091
110-126,15.000000,8.294785,0.115795,8.924041,0.187867,9.162516,0.063922,9.112118,0.044790,9.212052,0.033180,9.335751,0.069149,9.208094,0.150396,9.091483,0.107304,9.225120,0.113892,9.113250,0.112583,9.436100,0.079723,9.145611,0.067486,9.212492,0.042452,9.192184,0.032560,9.100199,0.071685,9.150397,0.052533,9.091276,0.052978,9.181217,0.076584,89-103,14.000000,6.322465,0.160156,8.251661,0.182263,9.057410,0.069246,9.575744,0.196995,9.411403,0.093397,9.336273,0.123507,7.585801,0.116769,8.174692,0.029735,9.006914,0.239332,9.254929,0.117776,9.651464,0.159141,7.594024,0.307055,7.735248,0.036151,8.006283,0.089331,9.243674,0.062258,9.455834,0.217190,9.544618,0.108556,7.634166,0.170857
110-135,24.000000,12.455698,0.201409,13.714226,0.184708,13.813630,0.168839,13.791451,0.338538,13.850245,0.272228,13.678774,0.274635,13.476964,0.284844,13.462292,0.121126,13.623707,0.219113,13.399387,0.123229,13.561510,0.139752,14.058768,0.063641,14.199695,0.071335,14.051863,0.119497,13.516147,0.112507,13.679947,0.231217,13.890356,0.114291,13.383824,0.237487,90-100,10.000000,4.331164,0.067878,6.320861,0.078952,6.814473,0.059775,6.911905,0.058896,6.884892,0.026911,6.930602,0.076228,5.920948,0.036979,6.320137,0.084175,6.693729,0.060204,6.668892,0.085149,6.722103,0.052886,5.649832,0.040887,5.888028,0.034117,6.381548,0.022935,6.870452,0.030768,6.843500,0.105227,6.944290,0.024532,5.914343,0.033558
111-125,13.000000,6.679661,0.084956,7.532747,0.145759,7.728631,0.065730,7.657576,0.097058,7.713131,0.041872,7.811089,0.057457,7.723583,0.259280,7.687704,0.064830,7.917417,0.072038,7.617689,0.041705,7.932311,0.161850,7.695598,0.108641,7.871033,0.044675,7.673813,0.080733,7.761547,0.070055,7.808268,0.135936,7.592232,0.057049,7.818717,0.178090,90-103,13.000000,2.853736,0.049970,4.525352,0.133081,5.099968,0.055049,5.277884,0.054545,5.357310,0.047145,5.532749,0.076613,4.924563,0.105268,5.294695,0.069386,5.675052,0.153914,5.632329,0.048368,5.786364,0.067667,4.728647,0.060940,4.892334,0.063180,5.304597,0.049018,5.630411,0.026604,5.656759,0.057020,5.707821,0.078109,4.867003,0.051248
111-135,23.000000,12.425993,0.175843,13.608179,0.151061,13.602479,0.205484,13.614172,0.414287,13.666049,0.243498,13.473589,0.264872,13.485795,0.171849,13.487012,0.133113,13.594363,0.185081,13.262816,0.146370,13.509282,0.158007,13.713458,0.155205,13.796803,0.209252,13.764829,0.202026,13.232213,0.067686,13.910006,0.196806,13.621544,0.153852,13.336308,0.125656,91-103,12.000000,4.725189,0.064977,6.992094,0.064299,7.278762,0.077905,6.958905,0.141571,7.300699,0.140902,7.173439,0.124237,7.137432,0.097130,7.076136,0.057591,7.136092,0.085055,7.390047,0.061070,7.444374,0.053610,7.126971,0.092323,7.096207,0.057389,7.357600,0.144680,7.236038,0.068870,7.188476,0.130891,7.135199,0.069142,7.032615,0.054901
112-135,22.000000,12.465421,0.198355,13.606206,0.129856,13.621295,0.202166,13.738046,0.411700,13.574705,0.241341,13.450255,0.161212,13.324809,0.198245,13.287994,0.133495,13.502385,0.117132,13.151348,0.211918,13.338241,0.160892,14.093125,0.152595,14.026213,0.155175,14.031029,0.195565,13.249772,0.173187,13.660377,0.258682,13.774658,0.223255,13.219503,0.233730,92-103,11.000000,5.209918,0.093635,7.166769,0.054355,7.312408,0.105344,7.285536,0.159673,7.253353,0.034681,7.261751,0.062000,7.094157,0.130882,7.109322,0.039542,7.275716,0.075293,7.141542,0.058420,7.249654,0.041521,7.083359,0.092466,7.077671,0.048483,7.295290,0.036401,7.313689,0.035728,7.207771,0.045353,7.328704,0.096762,7.007426,0.068206
113-126,12.000000,6.874359,0.151461,7.824044,0.157949,7.826981,0.125801,7.912810,0.092523,8.088765,0.141745,8.118039,0.127446,7.923518,0.110634,7.828489,0.204564,8.046060,0.201700,8.151831,0.232131,8.387815,0.069086,8.326494,0.021104,8.357864,0.021680,7.915727,0.109862,8.049379,0.213486,8.077929,0.141466,7.781532,0.120271,7.715852,0.193078,,,,,,,,,,,,,,,,,,,,,,,,,,,,,,,,,,,,,,
113-135,21.000000,11.923046,0.150773,13.187288,0.120172,13.285470,0.080973,13.357200,0.149645,13.367734,0.175760,12.922328,0.173944,13.694592,0.051687,12.955310,0.070893,13.033542,0.099411,12.720137,0.145173,13.034708,0.094264,13.353193,0.183246,13.309775,0.118003,13.500283,0.208091,12.856482,0.136588,13.041591,0.132782,13.070116,0.164514,12.841208,0.072776,,,,,,,,,,,,,,,,,,,,,,,,,,,,,,,,,,,,,,
114-135,20.000000,11.798232,0.091398,12.502067,0.019818,12.482598,0.071734,12.434803,0.060198,12.468592,0.019818,12.368635,0.234401,12.501139,0.405810,12.231030,0.076253,12.789183,0.024676,12.469181,0.078355,12.688888,0.258129,12.973370,0.127120,12.998410,0.068663,12.935547,0.167867,12.476411,0.117461,12.493883,0.192186,11.965894,0.114792,12.592683,0.283501,,,,,,,,,,,,,,,,,,,,,,,,,,,,,,,,,,,,,,
121-135,13.000000,9.314868,0.102519,9.741862,0.058690,10.106849,0.088201,9.985911,0.062682,9.881721,0.155806,9.767535,0.164633,10.100296,0.047969,9.934179,0.027013,9.995190,0.156649,9.816946,0.107291,9.912479,0.048922,10.071669,0.014047,10.169621,0.096261,10.110454,0.020681,9.803555,0.050725,9.831873,0.098982,10.033041,0.047913,9.842121,0.118600,,,,,,,,,,,,,,,,,,,,,,,,,,,,,,,,,,,,,,
122-132,10.000000,7.845085,0.197720,8.156697,0.099013,8.312576,0.045507,8.025685,0.173068,8.061080,0.026436,8.018183,0.123109,7.985067,0.040968,8.134132,0.056258,8.081948,0.197156,8.055776,0.062518,8.040217,0.059491,8.206804,0.035679,8.046442,0.136923,8.182084,0.074586,7.978148,0.077389,7.661102,0.061637,7.905655,0.161279,7.612680,0.095882,,,,,,,,,,,,,,,,,,,,,,,,,,,,,,,,,,,,,,
126-135,9.000000,4.943433,0.111314,4.837105,0.181708,4.888693,0.134128,4.935446,0.128579,4.765071,0.095693,4.902449,0.145496,4.729840,0.123662,4.781079,0.109523,4.761317,0.100891,4.738103,0.095400,4.844887,0.102781,5.069362,0.098035,5.100653,0.125465,5.046954,0.135828,4.778225,0.096518,4.783137,0.095986,4.973003,0.128100,4.721723,0.096565,,,,,,,,,,,,,,,,,,,,,,,,,,,,,,,,,,,,,,
127-135,8.000000,3.863707,0.063069,3.783503,0.107439,3.860789,0.014607,3.854340,0.013229,3.874631,0.017882,3.911360,0.084913,3.703463,0.049013,3.716651,0.035703,3.855497,0.059327,3.826848,0.052304,3.884924,0.038512,3.780766,0.027742,3.882248,0.065204,3.919346,0.066899,3.798412,0.055926,3.912268,0.059959,3.711925,0.060095,3.663682,0.017431,,,,,,,,,,,,,,,,,,,,,,,,,,,,,,,,,,,,,,
